-- phpMyAdmin SQL Dump
-- version 4.8.0
-- https://www.phpmyadmin.net/
--
-- Host: 127.0.0.1
-- Generation Time: Jan 28, 2019 at 10:46 AM
-- Server version: 10.1.31-MariaDB
-- PHP Version: 7.2.4

SET SQL_MODE = "NO_AUTO_VALUE_ON_ZERO";
SET AUTOCOMMIT = 0;
START TRANSACTION;
SET time_zone = "+00:00";


/*!40101 SET @OLD_CHARACTER_SET_CLIENT=@@CHARACTER_SET_CLIENT */;
/*!40101 SET @OLD_CHARACTER_SET_RESULTS=@@CHARACTER_SET_RESULTS */;
/*!40101 SET @OLD_COLLATION_CONNECTION=@@COLLATION_CONNECTION */;
/*!40101 SET NAMES utf8mb4 */;

--
-- Database: `api`
--

-- --------------------------------------------------------

--
-- Table structure for table `migrations`
--

CREATE TABLE `migrations` (
  `id` int(10) UNSIGNED NOT NULL,
  `migration` varchar(191) COLLATE utf8mb4_unicode_ci NOT NULL,
  `batch` int(11) NOT NULL
) ENGINE=InnoDB DEFAULT CHARSET=utf8mb4 COLLATE=utf8mb4_unicode_ci;

--
-- Dumping data for table `migrations`
--

INSERT INTO `migrations` (`id`, `migration`, `batch`) VALUES
(1, '2014_10_12_000000_create_users_table', 1),
(2, '2014_10_12_100000_create_password_resets_table', 1),
(3, '2019_01_28_075858_create_products_table', 1),
(4, '2019_01_28_075929_create_reviews_table', 1);

-- --------------------------------------------------------

--
-- Table structure for table `password_resets`
--

CREATE TABLE `password_resets` (
  `email` varchar(191) COLLATE utf8mb4_unicode_ci NOT NULL,
  `token` varchar(191) COLLATE utf8mb4_unicode_ci NOT NULL,
  `created_at` timestamp NULL DEFAULT NULL
) ENGINE=InnoDB DEFAULT CHARSET=utf8mb4 COLLATE=utf8mb4_unicode_ci;

-- --------------------------------------------------------

--
-- Table structure for table `products`
--

CREATE TABLE `products` (
  `id` int(10) UNSIGNED NOT NULL,
  `name` varchar(191) COLLATE utf8mb4_unicode_ci NOT NULL,
  `details` text COLLATE utf8mb4_unicode_ci NOT NULL,
  `price` int(11) NOT NULL,
  `stock` int(11) NOT NULL,
  `discount` int(11) NOT NULL,
  `created_at` timestamp NULL DEFAULT NULL,
  `updated_at` timestamp NULL DEFAULT NULL
) ENGINE=InnoDB DEFAULT CHARSET=utf8mb4 COLLATE=utf8mb4_unicode_ci;

--
-- Dumping data for table `products`
--

INSERT INTO `products` (`id`, `name`, `details`, `price`, `stock`, `discount`, `created_at`, `updated_at`) VALUES
(1, 'et', 'Eos reprehenderit in deleniti et voluptatem labore beatae. Voluptatem placeat dolore ut cupiditate provident cumque. Iusto blanditiis ea at excepturi omnis sit et aperiam.', 959, 0, 26, '2019-01-28 04:10:41', '2019-01-28 04:10:41'),
(2, 'iste', 'Officia dicta et laborum ut veniam. Eius sit sit libero sit. Rerum mollitia voluptatem dolorum quis voluptatem voluptatibus.', 579, 7, 4, '2019-01-28 04:10:41', '2019-01-28 04:10:41'),
(3, 'sunt', 'Occaecati aut vel quibusdam animi qui earum. Ratione illo est similique voluptas.', 159, 0, 26, '2019-01-28 04:10:41', '2019-01-28 04:10:41'),
(4, 'harum', 'Nostrum ut voluptas voluptatem dicta ut quibusdam et dignissimos. Dolorem cum dignissimos inventore rem cupiditate qui odit. Dolor nam hic repudiandae in hic exercitationem. Recusandae dolorem qui qui eveniet. Accusantium aut consequatur officiis aperiam.', 318, 7, 10, '2019-01-28 04:10:41', '2019-01-28 04:10:41'),
(5, 'est', 'Est suscipit porro molestiae nihil nulla voluptas ut. Omnis ut autem enim vero deserunt. Est provident in aperiam et sint ipsam qui. Accusamus consequuntur earum officia quis pariatur explicabo quaerat.', 438, 4, 3, '2019-01-28 04:10:42', '2019-01-28 04:10:42'),
(6, 'quae', 'Dolorem autem doloribus occaecati. Velit harum quos iure eveniet ut distinctio qui tempore. Non modi quia reprehenderit suscipit aperiam et. Quis alias ut laboriosam voluptatibus.', 999, 7, 25, '2019-01-28 04:10:42', '2019-01-28 04:10:42'),
(7, 'nihil', 'Quidem aliquid deserunt deserunt itaque. Ipsa dolorum ex enim tenetur provident temporibus. Omnis cum ut dolor odit necessitatibus similique.', 794, 8, 24, '2019-01-28 04:10:42', '2019-01-28 04:10:42'),
(8, 'corrupti', 'Cumque distinctio laborum nisi nihil enim dolores laudantium non. Est iste nulla vero ea et rerum minus voluptatum. Necessitatibus ipsum libero eaque voluptate velit.', 637, 4, 18, '2019-01-28 04:10:42', '2019-01-28 04:10:42'),
(9, 'adipisci', 'Non nisi quae ad ut aut in. Explicabo neque perferendis officia ad sed repudiandae aspernatur.', 642, 0, 3, '2019-01-28 04:10:42', '2019-01-28 04:10:42'),
(10, 'cum', 'Sunt doloribus aliquid assumenda qui quia occaecati omnis aut. Provident nulla earum consequatur laborum. Et qui voluptate tempore qui. Voluptatem aut incidunt quasi sequi.', 477, 1, 16, '2019-01-28 04:10:42', '2019-01-28 04:10:42'),
(11, 'blanditiis', 'Consequuntur eius quis quos sunt et. Qui eius voluptas non saepe ea nulla. At tenetur amet et. Blanditiis quam ipsa necessitatibus et voluptatem vel.', 859, 4, 10, '2019-01-28 04:10:42', '2019-01-28 04:10:42'),
(12, 'commodi', 'Voluptatem sed doloribus voluptas velit a voluptas assumenda. Commodi veniam consequuntur aliquid optio autem. Ad impedit vitae tempore quod fugit sint.', 403, 8, 4, '2019-01-28 04:10:42', '2019-01-28 04:10:42'),
(13, 'eligendi', 'Laudantium et illo ut ducimus sapiente blanditiis non sed. Alias est sit officiis at at qui. Cumque sunt dolor eaque dolore fuga ex.', 831, 5, 22, '2019-01-28 04:10:42', '2019-01-28 04:10:42'),
(14, 'delectus', 'Assumenda aut ut et eos recusandae eveniet architecto. Eaque quae ipsa quas pariatur ut. Sapiente omnis unde maxime et repudiandae error aliquid. Porro cum nihil praesentium in autem sunt.', 647, 9, 4, '2019-01-28 04:10:42', '2019-01-28 04:10:42'),
(15, 'animi', 'Suscipit at impedit et facilis. Dolorum temporibus placeat neque laborum et. Aspernatur ipsum et eum voluptas ducimus omnis. Omnis itaque tempore nostrum at non magnam.', 153, 4, 14, '2019-01-28 04:10:42', '2019-01-28 04:10:42'),
(16, 'earum', 'Voluptas esse vero qui corrupti non temporibus. Ad a laborum dolorem voluptatibus vero. Animi quibusdam molestiae iste doloribus enim. Officia nesciunt nesciunt fugiat reprehenderit eaque.', 443, 5, 17, '2019-01-28 04:10:42', '2019-01-28 04:10:42'),
(17, 'architecto', 'Voluptatem et et cumque natus qui corporis. Repudiandae dignissimos blanditiis officia aut ipsum.', 552, 0, 2, '2019-01-28 04:10:42', '2019-01-28 04:10:42'),
(18, 'qui', 'Eius quo nam veniam laborum voluptatem aspernatur impedit. Dolor aut voluptatum in. Quia quisquam occaecati velit sit iure explicabo.', 266, 3, 30, '2019-01-28 04:10:43', '2019-01-28 04:10:43'),
(19, 'omnis', 'Ratione consequatur deserunt perspiciatis. Repudiandae voluptas occaecati voluptate explicabo. Ut saepe est voluptas fugiat et qui aut ut.', 884, 9, 25, '2019-01-28 04:10:43', '2019-01-28 04:10:43'),
(20, 'praesentium', 'Facilis amet commodi delectus est ut quo. Est et sit quidem fugiat mollitia. Sint nam molestiae nesciunt nihil ab quo.', 173, 3, 14, '2019-01-28 04:10:43', '2019-01-28 04:10:43'),
(21, 'aperiam', 'Quis iure quasi error dolor. Doloribus qui ea ab. Est dicta necessitatibus minus accusamus natus porro.', 937, 0, 27, '2019-01-28 04:10:43', '2019-01-28 04:10:43'),
(22, 'ea', 'Qui omnis excepturi est doloremque quos vitae aut. In maxime qui quae qui. Ipsa officia et ad repellendus perferendis tenetur corporis. Suscipit sint doloribus amet impedit dolor.', 170, 1, 5, '2019-01-28 04:10:43', '2019-01-28 04:10:43'),
(23, 'minima', 'Ut consequatur aut nostrum consequatur. Neque non id ratione velit cumque incidunt aspernatur. Eum dolor non rerum aut.', 224, 1, 26, '2019-01-28 04:10:43', '2019-01-28 04:10:43'),
(24, 'vel', 'Et in sit ut officiis voluptatibus itaque et. Voluptatum soluta rem voluptatibus dolorum rem eius. Perspiciatis dolores et occaecati velit non est amet.', 644, 2, 10, '2019-01-28 04:10:43', '2019-01-28 04:10:43'),
(25, 'nulla', 'Qui dolor maxime nihil et sequi et. Quo dicta aut id tempore. Incidunt eum suscipit dolorem eius ratione quia. Temporibus est at veritatis magnam.', 743, 7, 10, '2019-01-28 04:10:43', '2019-01-28 04:10:43'),
(26, 'quod', 'Et ex voluptatum provident est mollitia consequatur. Aliquam rem ab voluptatem voluptatum eligendi ab. Vel qui vero rerum consequatur voluptatem beatae quis.', 874, 0, 26, '2019-01-28 04:10:43', '2019-01-28 04:10:43'),
(27, 'illo', 'Quod inventore eligendi facilis ipsa quam quisquam rerum. Et nihil corporis qui magni et rerum dicta. Omnis dolorum voluptatum blanditiis qui a asperiores.', 931, 4, 29, '2019-01-28 04:10:43', '2019-01-28 04:10:43'),
(28, 'cupiditate', 'Aliquid eum sit ipsam eum delectus quia odit. Non et libero et rerum dolores dolorum error at. Distinctio architecto quod molestiae aut.', 521, 7, 7, '2019-01-28 04:10:43', '2019-01-28 04:10:43'),
(29, 'commodi', 'Recusandae sed vitae praesentium qui illum. Excepturi debitis ipsum qui sed. Voluptatum commodi ducimus minima eaque qui sed necessitatibus. Et consectetur unde animi rerum mollitia iste.', 401, 5, 11, '2019-01-28 04:10:43', '2019-01-28 04:10:43'),
(30, 'nisi', 'Iusto incidunt est non temporibus. Debitis aperiam vel sed reiciendis et. Neque excepturi voluptatem iure asperiores.', 656, 4, 7, '2019-01-28 04:10:43', '2019-01-28 04:10:43'),
(31, 'eaque', 'Facere quidem beatae asperiores molestiae. Quis quaerat eos quod nam qui quasi. Suscipit repudiandae fuga numquam non beatae dolor consequuntur labore. Magnam nesciunt exercitationem placeat optio.', 380, 1, 25, '2019-01-28 04:10:43', '2019-01-28 04:10:43'),
(32, 'exercitationem', 'Et voluptatem distinctio quis. Officia dignissimos nobis amet temporibus voluptatibus excepturi. Praesentium quasi culpa vero aut vel error. Laborum consequatur omnis nulla corrupti ipsum ipsam voluptas dolor.', 936, 7, 30, '2019-01-28 04:10:43', '2019-01-28 04:10:43'),
(33, 'dolorem', 'In magnam voluptatum et magni occaecati reiciendis. Sapiente rem impedit officia non culpa. Incidunt ad cupiditate sit. Id repudiandae distinctio sit.', 837, 8, 17, '2019-01-28 04:10:43', '2019-01-28 04:10:43'),
(34, 'nobis', 'Eos molestias quaerat praesentium sit. Qui sunt delectus voluptatem nobis nobis. Et est adipisci voluptas quas.', 941, 0, 25, '2019-01-28 04:10:44', '2019-01-28 04:10:44'),
(35, 'deserunt', 'Blanditiis et sit praesentium facere provident. Voluptatum accusamus ipsa voluptas sint illo rem. Nihil deserunt consequuntur minima officiis doloremque.', 1000, 8, 16, '2019-01-28 04:10:44', '2019-01-28 04:10:44'),
(36, 'et', 'Aliquid velit aliquam est. Sunt qui illo sapiente et iusto. Soluta pariatur alias nostrum eos.', 318, 0, 27, '2019-01-28 04:10:44', '2019-01-28 04:10:44'),
(37, 'et', 'Dolor accusantium nam dicta. Quia qui quis aut earum. Aspernatur labore aperiam soluta ad omnis consectetur. Minima qui fugit nostrum repellat amet fugiat atque at.', 688, 8, 13, '2019-01-28 04:10:44', '2019-01-28 04:10:44'),
(38, 'quos', 'Sunt quibusdam maxime hic maxime. Consequatur et est quas quo ducimus ea quae. Vel inventore molestiae illo sunt.', 221, 2, 14, '2019-01-28 04:10:44', '2019-01-28 04:10:44'),
(39, 'porro', 'Quam aperiam aut quis necessitatibus voluptatibus. Qui sit voluptatibus totam quia quis accusamus. Minima officia dolores non veniam non sit. Aut fuga sint iusto. Id iusto velit nemo consequatur.', 368, 1, 13, '2019-01-28 04:10:44', '2019-01-28 04:10:44'),
(40, 'quos', 'Omnis neque qui dolorum mollitia. Ut pariatur aut porro rerum est autem. Ipsam libero dolorem possimus ut.', 390, 9, 13, '2019-01-28 04:10:44', '2019-01-28 04:10:44'),
(41, 'odio', 'Sunt ut ducimus quis excepturi. Laudantium ipsam dolorem expedita ut. Maxime neque reiciendis ducimus vitae.', 494, 8, 18, '2019-01-28 04:10:44', '2019-01-28 04:10:44'),
(42, 'impedit', 'Modi accusantium facere sunt nisi molestiae suscipit. Voluptatem repellat nihil alias tempore repudiandae animi. Natus aliquid neque unde reiciendis aut quia eaque. Eum tempore non ipsam in iusto id quae.', 539, 1, 21, '2019-01-28 04:10:44', '2019-01-28 04:10:44'),
(43, 'odio', 'Aspernatur quo rem vel perferendis saepe. Pariatur eos velit consequuntur natus totam sapiente illo. Qui nihil cum suscipit et.', 792, 1, 30, '2019-01-28 04:10:44', '2019-01-28 04:10:44'),
(44, 'et', 'Asperiores distinctio vero illo. Amet velit debitis voluptatem quos quidem provident. Excepturi illum distinctio rem. Qui ipsa a blanditiis excepturi.', 992, 1, 29, '2019-01-28 04:10:44', '2019-01-28 04:10:44'),
(45, 'alias', 'Ratione exercitationem debitis earum et. Corporis voluptas velit id. Qui laborum rerum rerum sit qui qui sint. Sunt vel possimus libero et.', 992, 3, 16, '2019-01-28 04:10:44', '2019-01-28 04:10:44'),
(46, 'vel', 'Sit minus beatae reiciendis ipsa laborum quos quis. Vero ea necessitatibus in repellendus magnam aliquam. Ratione et tenetur sed. Soluta tenetur voluptas sit facilis enim.', 229, 0, 4, '2019-01-28 04:10:44', '2019-01-28 04:10:44'),
(47, 'et', 'Omnis earum aperiam aliquam pariatur consectetur qui quam. Et architecto architecto sunt itaque. Expedita architecto qui explicabo asperiores recusandae voluptatem.', 892, 3, 3, '2019-01-28 04:10:44', '2019-01-28 04:10:44'),
(48, 'distinctio', 'Molestias saepe est voluptatem ipsum sed consequatur. Voluptas quidem commodi voluptatum dolorem consequatur. Omnis qui ullam earum nemo magnam.', 819, 0, 30, '2019-01-28 04:10:44', '2019-01-28 04:10:44'),
(49, 'quos', 'Consequuntur laudantium ratione ab placeat quis voluptatem asperiores. Sed sapiente velit tenetur totam quaerat et est. Dolorem sapiente corporis rerum nihil impedit voluptas aut.', 693, 0, 26, '2019-01-28 04:10:45', '2019-01-28 04:10:45'),
(50, 'inventore', 'Sed aspernatur et aut numquam aliquid sit. Cumque laudantium eum iure repudiandae voluptatem. Nam omnis magnam dolores ad ut est. Blanditiis sunt voluptatem quo inventore sint.', 194, 8, 18, '2019-01-28 04:10:45', '2019-01-28 04:10:45'),
(51, 'non', 'Ratione sit nobis eum sed placeat quia aliquam qui. Est soluta minus aut porro. Sint saepe voluptatum eaque ipsum modi minus.', 614, 6, 24, '2019-01-28 04:11:24', '2019-01-28 04:11:24'),
(52, 'fugiat', 'Vitae totam dolores quas saepe dolorem placeat iusto. Neque explicabo assumenda ut enim. Harum et laudantium vel quia aliquam repudiandae rerum.', 740, 4, 9, '2019-01-28 04:11:24', '2019-01-28 04:11:24'),
(53, 'adipisci', 'Alias molestiae et hic aut iusto ut. Minus ut voluptas autem et similique necessitatibus est. Voluptatum laboriosam dignissimos expedita aut aspernatur aut sequi. Architecto voluptas ipsa sunt beatae a architecto.', 103, 2, 15, '2019-01-28 04:11:24', '2019-01-28 04:11:24'),
(54, 'voluptate', 'Nisi ducimus sunt voluptas et praesentium. Ut est omnis est nihil ratione itaque. Fugiat et ab est aliquam. Optio molestiae voluptas quidem dolor voluptas vel.', 271, 2, 19, '2019-01-28 04:11:24', '2019-01-28 04:11:24'),
(55, 'libero', 'Perspiciatis eos qui illo molestiae. Corrupti voluptates sed deleniti est enim. Sint sit laborum omnis aut. In mollitia ea aut.', 984, 0, 15, '2019-01-28 04:11:24', '2019-01-28 04:11:24'),
(56, 'voluptatem', 'Sed doloremque minus rerum aut. Quia sed sint sed ut sint numquam voluptas consequatur. Enim laudantium doloribus consectetur eos culpa sequi. Nam ut exercitationem qui ut necessitatibus.', 259, 5, 19, '2019-01-28 04:11:24', '2019-01-28 04:11:24'),
(57, 'tempora', 'Natus facilis sunt soluta ut dolorem. Eum numquam eius maxime non aut sit reprehenderit.', 399, 0, 13, '2019-01-28 04:11:24', '2019-01-28 04:11:24'),
(58, 'aut', 'Fuga et voluptate beatae rem corrupti. Quae officiis adipisci fuga quae unde dolore. Nisi assumenda eum velit quibusdam ut ad.', 735, 3, 12, '2019-01-28 04:11:24', '2019-01-28 04:11:24'),
(59, 'vel', 'Illum harum ut ipsa corporis. Repellat aliquid distinctio error a officia in. Laudantium voluptate nesciunt vel sequi impedit unde et est.', 965, 7, 21, '2019-01-28 04:11:24', '2019-01-28 04:11:24'),
(60, 'qui', 'Vitae voluptatum ut maxime aliquid est aliquid voluptatem. Optio voluptates est quibusdam et. Blanditiis consequatur eos fuga nostrum.', 491, 8, 17, '2019-01-28 04:11:25', '2019-01-28 04:11:25'),
(61, 'assumenda', 'Odit aut itaque consectetur itaque dicta ab. Maiores earum vitae ab quibusdam. Dicta voluptatem molestiae voluptas nihil.', 336, 0, 29, '2019-01-28 04:11:25', '2019-01-28 04:11:25'),
(62, 'ab', 'Omnis voluptatem debitis eligendi deserunt earum et nisi. Nobis qui veniam eos. Soluta et laborum quaerat a voluptas.', 106, 0, 5, '2019-01-28 04:11:25', '2019-01-28 04:11:25'),
(63, 'at', 'Sit libero quia non commodi. Qui ab soluta sunt commodi molestias ullam sint. Ad aut et repellendus. Aliquid dolorem nobis esse. Consequuntur dolore mollitia aut.', 939, 4, 5, '2019-01-28 04:11:25', '2019-01-28 04:11:25'),
(64, 'sed', 'Tenetur rerum velit voluptate. Velit repellendus exercitationem laudantium ut. Nobis saepe consequatur quia error.', 276, 9, 8, '2019-01-28 04:11:25', '2019-01-28 04:11:25'),
(65, 'doloremque', 'Sunt in ratione tenetur qui cupiditate. Assumenda velit repellendus odio enim at alias sed praesentium. Non pariatur eum facilis delectus adipisci consequatur asperiores velit.', 687, 4, 8, '2019-01-28 04:11:25', '2019-01-28 04:11:25'),
(66, 'nemo', 'Impedit ducimus quisquam ad consequatur sunt est illum. Aperiam aut fugit magnam eos ex adipisci. Consequuntur assumenda illo voluptas quidem aut maiores.', 560, 5, 10, '2019-01-28 04:11:25', '2019-01-28 04:11:25'),
(67, 'animi', 'Eos numquam omnis assumenda perferendis id earum. Blanditiis sapiente ullam corrupti expedita. Quo dolor quis et.', 362, 6, 3, '2019-01-28 04:11:25', '2019-01-28 04:11:25'),
(68, 'et', 'Asperiores eius nihil quidem. Et tempore quia earum. Architecto in ut porro itaque. Sapiente optio excepturi illo sapiente ea.', 405, 0, 11, '2019-01-28 04:11:25', '2019-01-28 04:11:25'),
(69, 'consectetur', 'Ipsum odio facere labore magnam repudiandae consequatur. Iusto nobis eos omnis dicta. Eum perspiciatis earum beatae.', 649, 7, 14, '2019-01-28 04:11:25', '2019-01-28 04:11:25'),
(70, 'assumenda', 'Culpa itaque animi minima. Fugit quia qui hic totam architecto ratione dolore et. Et facere voluptatem nostrum doloremque necessitatibus.', 221, 4, 20, '2019-01-28 04:11:25', '2019-01-28 04:11:25'),
(71, 'aut', 'Totam odit repellat sunt eligendi. Velit quasi ratione aliquam. Et fugit autem nobis id recusandae provident.', 902, 7, 3, '2019-01-28 04:11:25', '2019-01-28 04:11:25'),
(72, 'tempore', 'Et impedit quos quo impedit. Delectus cupiditate voluptatum quos qui assumenda sint. Odio tenetur culpa sint vel sunt est.', 494, 8, 16, '2019-01-28 04:11:25', '2019-01-28 04:11:25'),
(73, 'nam', 'Error aut molestiae ut iusto sapiente corporis sint atque. Id fugiat a cumque ullam ex vel labore. Deleniti natus molestias autem consequuntur.', 608, 8, 26, '2019-01-28 04:11:25', '2019-01-28 04:11:25'),
(74, 'ut', 'Quia culpa quibusdam voluptatem. Dolorum adipisci eum reprehenderit vero. Et odio repellat earum harum nemo officia. Optio atque ut id.', 935, 2, 22, '2019-01-28 04:11:25', '2019-01-28 04:11:25'),
(75, 'labore', 'Sint dolorem quia molestiae molestiae ut quos. Autem quis animi mollitia sit omnis. Numquam earum eius sunt earum.', 900, 1, 19, '2019-01-28 04:11:25', '2019-01-28 04:11:25'),
(76, 'omnis', 'Natus et beatae quas. Laboriosam harum distinctio ab modi asperiores.', 431, 9, 7, '2019-01-28 04:11:25', '2019-01-28 04:11:25'),
(77, 'nam', 'Itaque tempora sed nostrum sunt debitis. Deleniti rerum laboriosam omnis maiores vel non inventore saepe. Neque corporis ullam neque esse odio aspernatur aut.', 111, 7, 21, '2019-01-28 04:11:25', '2019-01-28 04:11:25'),
(78, 'nam', 'Vero incidunt perferendis aut est accusamus laudantium occaecati. Quod nemo quisquam vitae omnis voluptates quo enim dignissimos. Cupiditate maxime labore dolores numquam. Perferendis in consequatur dolore quos non doloremque nisi.', 671, 2, 15, '2019-01-28 04:11:25', '2019-01-28 04:11:25'),
(79, 'maiores', 'Nemo eos temporibus et amet adipisci sed. Magni itaque perferendis iure vel non distinctio et. Veritatis assumenda exercitationem vel sapiente aspernatur sit doloribus sint.', 513, 9, 19, '2019-01-28 04:11:25', '2019-01-28 04:11:25'),
(80, 'nobis', 'Qui sint dolore quo. Rem praesentium necessitatibus voluptatem architecto ut aut sunt. Ut omnis et omnis aut et id ut reiciendis. Aut aut nihil quod distinctio quis non.', 654, 1, 27, '2019-01-28 04:11:26', '2019-01-28 04:11:26'),
(81, 'perferendis', 'Sit consequatur nisi minima occaecati. Quasi ut aut molestias sint.', 409, 7, 8, '2019-01-28 04:11:26', '2019-01-28 04:11:26'),
(82, 'molestias', 'Accusantium mollitia vero molestiae magni. Libero minima et aut laboriosam sunt. Neque cupiditate dolorum veniam fuga aliquid molestiae voluptatem. Suscipit quaerat similique animi iusto est cumque pariatur.', 219, 8, 9, '2019-01-28 04:11:26', '2019-01-28 04:11:26'),
(83, 'eum', 'Velit quaerat et expedita sunt placeat. Aut quae odit aut. Quas sed libero sint sed eaque delectus a. Sapiente impedit mollitia omnis nemo nihil ratione aut. Adipisci possimus dolor voluptatem tempora ullam dolores doloribus.', 660, 4, 17, '2019-01-28 04:11:26', '2019-01-28 04:11:26'),
(84, 'velit', 'Voluptatem dolore animi doloremque quasi quas sed. Error sint sunt consequatur occaecati saepe nisi ut cupiditate. Totam sit saepe libero omnis. Ducimus id officia eos laborum veritatis.', 323, 5, 21, '2019-01-28 04:11:26', '2019-01-28 04:11:26'),
(85, 'eos', 'Dignissimos et recusandae veniam doloribus cupiditate officia quia. Nostrum voluptas qui autem aut. Pariatur exercitationem eum vitae unde aliquid.', 894, 5, 14, '2019-01-28 04:11:26', '2019-01-28 04:11:26'),
(86, 'velit', 'Eos nostrum quisquam quaerat doloribus quia. Esse consequatur repellendus fugiat. Aut hic dolore veniam accusamus consequuntur.', 491, 3, 27, '2019-01-28 04:11:26', '2019-01-28 04:11:26'),
(87, 'omnis', 'Rerum eligendi debitis aspernatur et dolor corporis. Et deserunt provident sunt quisquam. Ratione quos quia et qui.', 950, 9, 16, '2019-01-28 04:11:26', '2019-01-28 04:11:26'),
(88, 'aut', 'Non odio tenetur qui earum deleniti consequatur. Esse ipsa voluptatem officia voluptas id dolorum earum iste. Corporis ipsa eius cum recusandae ut.', 542, 7, 22, '2019-01-28 04:11:26', '2019-01-28 04:11:26'),
(89, 'molestias', 'Eligendi dicta et est repellendus et culpa. Et soluta in eos autem.', 620, 9, 12, '2019-01-28 04:11:26', '2019-01-28 04:11:26'),
(90, 'ab', 'In adipisci reprehenderit placeat nihil laborum sit recusandae facere. Odio atque consequatur quo tenetur sunt.', 952, 0, 19, '2019-01-28 04:11:26', '2019-01-28 04:11:26'),
(91, 'et', 'Esse eius dolor a perferendis eos laborum. Impedit voluptas quod dolorem. Ex tempora dolor unde quis.', 907, 5, 22, '2019-01-28 04:11:26', '2019-01-28 04:11:26'),
(92, 'qui', 'Enim eum sed reprehenderit voluptate provident consequatur qui. Blanditiis nam et ut modi maxime. Aut natus mollitia et corporis error.', 529, 4, 17, '2019-01-28 04:11:26', '2019-01-28 04:11:26'),
(93, 'fuga', 'Dolore placeat voluptate reiciendis voluptate eos. Assumenda et dolor laudantium atque praesentium maiores. Distinctio quis odit ut facere consequatur qui. Inventore aut dicta est et in voluptatem.', 345, 2, 30, '2019-01-28 04:11:26', '2019-01-28 04:11:26'),
(94, 'quae', 'Voluptates omnis rerum eligendi quibusdam quam sunt voluptatem. Tempora itaque expedita dolor est. Quam nesciunt consequatur autem aspernatur ut consequatur sed. Consequuntur ad vel nihil omnis ut rem facere. Ipsa harum neque doloribus et repudiandae illo incidunt.', 685, 4, 10, '2019-01-28 04:11:26', '2019-01-28 04:11:26'),
(95, 'sed', 'Voluptas ut soluta sint non minus labore nemo numquam. Voluptatum unde maxime ut qui. Voluptatum recusandae est corporis sunt quia ex. Et sit maxime alias libero consequuntur aliquam.', 906, 8, 12, '2019-01-28 04:11:26', '2019-01-28 04:11:26'),
(96, 'voluptatem', 'Est sint temporibus voluptatem quisquam porro nisi quo velit. Modi quia incidunt doloribus ad sed quasi. Hic in in cumque iste dolore illo qui. Velit voluptatum harum ut eveniet quae ab labore.', 209, 1, 15, '2019-01-28 04:11:26', '2019-01-28 04:11:26'),
(97, 'iusto', 'Necessitatibus consequatur quod possimus sint aut molestiae. Omnis id totam dolores voluptatibus ipsa qui. Voluptatibus quis quia sed autem culpa magni et.', 732, 2, 28, '2019-01-28 04:11:26', '2019-01-28 04:11:26'),
(98, 'quisquam', 'Dolores et aut natus ad eius explicabo. Harum veritatis sunt qui in eos. Aut aliquid excepturi quo cupiditate quia. Ut facilis animi molestiae consequatur at velit.', 129, 7, 27, '2019-01-28 04:11:26', '2019-01-28 04:11:26'),
(99, 'quo', 'Voluptatem fugit ratione nulla placeat hic est nulla. Dolorem aut delectus vel tempore dolor. Aut nisi nam et a eveniet doloremque et. Ut quasi non aut at.', 812, 2, 11, '2019-01-28 04:11:27', '2019-01-28 04:11:27'),
(100, 'non', 'Quo natus ut dolorum iure non alias. Blanditiis inventore iure expedita dolorem adipisci. Sequi at incidunt et quisquam nesciunt. Cupiditate minima quis consequatur error.', 585, 5, 22, '2019-01-28 04:11:27', '2019-01-28 04:11:27');

-- --------------------------------------------------------

--
-- Table structure for table `reviews`
--

CREATE TABLE `reviews` (
  `id` int(10) UNSIGNED NOT NULL,
  `product_id` int(10) UNSIGNED NOT NULL,
  `customer` varchar(191) COLLATE utf8mb4_unicode_ci NOT NULL,
  `review` text COLLATE utf8mb4_unicode_ci NOT NULL,
  `star` int(11) NOT NULL,
  `created_at` timestamp NULL DEFAULT NULL,
  `updated_at` timestamp NULL DEFAULT NULL
) ENGINE=InnoDB DEFAULT CHARSET=utf8mb4 COLLATE=utf8mb4_unicode_ci;

--
-- Dumping data for table `reviews`
--

INSERT INTO `reviews` (`id`, `product_id`, `customer`, `review`, `star`, `created_at`, `updated_at`) VALUES
(1, 14, 'Mr. Tom Hegmann I', 'Consequatur repellendus quisquam et aperiam consectetur velit. Ad consequuntur ratione corporis. Ducimus quaerat consequatur recusandae. Quo ipsam ut nobis dolorem fugiat voluptatem.', 5, '2019-01-28 04:11:29', '2019-01-28 04:11:29'),
(2, 54, 'Cloyd Heidenreich', 'Eaque quisquam omnis corrupti eos debitis. Adipisci earum dignissimos laborum est vitae minima consequatur. Harum incidunt officia alias id cum sequi itaque architecto. Tempore nemo dolorum voluptas suscipit.', 4, '2019-01-28 04:11:29', '2019-01-28 04:11:29'),
(3, 3, 'Jaida King', 'Voluptatem qui est qui error sint perferendis. Eos nisi est necessitatibus delectus non.', 5, '2019-01-28 04:11:29', '2019-01-28 04:11:29'),
(4, 84, 'Miss Lilyan Crooks I', 'Iste saepe modi quo numquam qui perferendis cupiditate. Adipisci quos et nihil eos doloremque assumenda saepe saepe. At autem veniam ullam quasi ipsum.', 0, '2019-01-28 04:11:29', '2019-01-28 04:11:29'),
(5, 53, 'Miss Corrine Block Sr.', 'Veniam voluptatem incidunt et nisi. Aperiam laborum minus alias sequi inventore nihil sit qui. Accusamus dolores rerum soluta.', 4, '2019-01-28 04:11:29', '2019-01-28 04:11:29'),
(6, 89, 'Marlene Cormier', 'Est blanditiis nihil facere et illo. Porro et ipsum eligendi. Iusto qui quidem excepturi.', 4, '2019-01-28 04:11:29', '2019-01-28 04:11:29'),
(7, 32, 'Marcellus Ankunding PhD', 'Voluptate et quas et aliquam et mollitia ut. Sit dolorum eos enim voluptatem. Dicta ipsa quod omnis praesentium harum vel atque error.', 1, '2019-01-28 04:11:29', '2019-01-28 04:11:29'),
(8, 76, 'Kaylah Bosco', 'Quia nesciunt eum expedita asperiores molestiae et. Exercitationem incidunt nam officiis repudiandae et. Cupiditate a ut ut voluptatem quae voluptatum sunt. Consequatur quisquam dignissimos officia quia impedit facilis praesentium.', 0, '2019-01-28 04:11:29', '2019-01-28 04:11:29'),
(9, 66, 'Anastasia Schuster', 'Adipisci distinctio debitis et asperiores. Non itaque qui magni animi qui consequuntur. Tenetur natus ipsum est quia eaque. Cupiditate inventore animi tempora occaecati veniam velit voluptatem.', 5, '2019-01-28 04:11:29', '2019-01-28 04:11:29'),
(10, 23, 'Clint Jones I', 'Error maxime dignissimos sint dignissimos qui magni excepturi atque. Reiciendis nesciunt enim sint laboriosam qui reiciendis. Et aut aut vel. Veniam est incidunt maiores qui dignissimos.', 1, '2019-01-28 04:11:30', '2019-01-28 04:11:30'),
(11, 7, 'Dr. Fatima Kohler', 'In sit id delectus dicta. Impedit voluptatem modi voluptas incidunt unde ipsam voluptatem. Fuga mollitia autem odit perspiciatis illo.', 2, '2019-01-28 04:11:30', '2019-01-28 04:11:30'),
(12, 99, 'Maegan Murphy', 'Cum suscipit deleniti officia ratione nam ipsam in. Consequatur nihil et dolor hic praesentium inventore saepe. Explicabo cupiditate animi dolores debitis qui.', 1, '2019-01-28 04:11:30', '2019-01-28 04:11:30'),
(13, 77, 'Ladarius Nader Sr.', 'Eveniet aut est amet accusamus. Quae vero harum dolorem laborum. Eius atque et nemo.', 3, '2019-01-28 04:11:30', '2019-01-28 04:11:30'),
(14, 59, 'Rosa Gleason', 'Voluptatibus placeat unde ea aut ex minus. Voluptates necessitatibus iure itaque consequatur omnis dolores. Dignissimos iusto cupiditate unde dignissimos deserunt voluptatum odio.', 1, '2019-01-28 04:11:30', '2019-01-28 04:11:30'),
(15, 60, 'Juston Yost', 'Dolor iure accusantium ab blanditiis molestiae officia eum. Provident ut provident velit veniam consequuntur. Possimus esse assumenda dolorem architecto. Sint placeat corrupti quo quas voluptatem doloremque.', 1, '2019-01-28 04:11:30', '2019-01-28 04:11:30'),
(16, 61, 'Dariana Waelchi', 'Qui cumque sequi reprehenderit quasi soluta quia praesentium. Exercitationem unde cum expedita autem. Dolorem cum ut omnis dolores. Mollitia et id possimus quam error.', 1, '2019-01-28 04:11:30', '2019-01-28 04:11:30'),
(17, 22, 'Austyn Miller', 'Neque ut similique expedita voluptas sit saepe tempora. Perspiciatis rerum laboriosam et occaecati officia nemo et maxime. Ut quis ea architecto culpa in. Error similique maxime veritatis occaecati et qui.', 1, '2019-01-28 04:11:30', '2019-01-28 04:11:30'),
(18, 10, 'Dr. Vinnie Douglas', 'Quibusdam harum nam rerum aut qui vitae assumenda. Molestias est earum omnis in sequi harum. Est quo eos et. Est odio voluptatem cumque iste.', 2, '2019-01-28 04:11:30', '2019-01-28 04:11:30'),
(19, 71, 'Mrs. Jacquelyn Kris', 'Qui est voluptatibus magni exercitationem cum vel sunt praesentium. Ipsam nisi sunt et at. Placeat qui alias blanditiis tempora exercitationem atque possimus veniam.', 3, '2019-01-28 04:11:30', '2019-01-28 04:11:30'),
(20, 35, 'Ms. Therese Towne', 'Tenetur est beatae unde esse debitis incidunt. Ut iste voluptatem veritatis tempora velit repellat consequuntur. Sunt ut libero quam quas magnam reiciendis. Quisquam repellendus voluptates ipsa vel.', 0, '2019-01-28 04:11:30', '2019-01-28 04:11:30'),
(21, 12, 'Garrett Armstrong', 'Cupiditate occaecati in eum commodi quaerat est delectus. Tempora ea esse ut pariatur itaque tenetur et. Aliquid dolorum sed nesciunt aliquam mollitia et nemo perspiciatis. Distinctio nisi reiciendis blanditiis nostrum consectetur.', 3, '2019-01-28 04:11:30', '2019-01-28 04:11:30'),
(22, 86, 'Austyn Morissette III', 'Optio ab ad commodi nostrum perferendis dolore. Nisi ut cumque voluptatibus optio ut reiciendis.', 4, '2019-01-28 04:11:30', '2019-01-28 04:11:30'),
(23, 100, 'Bernhard Thiel', 'Vero veritatis nam doloremque nisi mollitia quia cum ut. Esse similique vero ut reprehenderit. Est voluptatem minus iusto explicabo.', 3, '2019-01-28 04:11:30', '2019-01-28 04:11:30'),
(24, 80, 'Nia Jacobs', 'Et aut laborum et sint et ipsam. Autem ab vitae illum sit. Est sint quos animi.', 2, '2019-01-28 04:11:30', '2019-01-28 04:11:30'),
(25, 24, 'Hollie Ferry II', 'Architecto error dignissimos in hic eaque nulla sed. Dolorum in et quod et. Iure reprehenderit explicabo cupiditate illum dolorum cupiditate. Quasi distinctio consequatur unde id officiis.', 4, '2019-01-28 04:11:30', '2019-01-28 04:11:30'),
(26, 90, 'Mr. Mallory Watsica', 'Inventore eos ipsum sed soluta. Error et totam voluptas omnis libero. Quibusdam nobis sit vero adipisci perspiciatis dolores aut voluptatibus. Quasi consequatur quis sequi rem.', 4, '2019-01-28 04:11:30', '2019-01-28 04:11:30'),
(27, 51, 'Dorothea Schimmel', 'Architecto neque corporis ut dolorem expedita veritatis delectus. Minus quaerat in temporibus minus maiores quos id. Et ipsam vitae est quidem.', 1, '2019-01-28 04:11:30', '2019-01-28 04:11:30'),
(28, 65, 'Mr. Leonel Langworth', 'Et iste repudiandae alias qui. Est neque est nostrum officiis labore et. Aut sunt omnis distinctio itaque.', 3, '2019-01-28 04:11:30', '2019-01-28 04:11:30'),
(29, 46, 'Felipa Lindgren', 'Est pariatur corrupti veritatis praesentium et asperiores commodi. Voluptatem officiis iste quo consectetur similique voluptatem. Voluptas assumenda aut fuga.', 1, '2019-01-28 04:11:31', '2019-01-28 04:11:31'),
(30, 65, 'Miss Matilde Braun V', 'Velit pariatur repudiandae repellendus sit magni voluptatem. Qui ipsam fuga ea rerum sit minima iste. Dolorem sapiente et molestias ea. Reiciendis eligendi aut velit molestiae magnam. Aut omnis eaque voluptates excepturi commodi rerum.', 5, '2019-01-28 04:11:31', '2019-01-28 04:11:31'),
(31, 95, 'Cortez Brown', 'Nesciunt assumenda soluta dolor recusandae labore ex quisquam. Ea velit architecto amet tempora hic maxime.', 3, '2019-01-28 04:11:31', '2019-01-28 04:11:31'),
(32, 29, 'General Rempel', 'Impedit aut et vero quos optio ut. Architecto quia odit dolorum itaque dolore maxime. Dolore accusantium ipsum minus voluptatum accusamus recusandae ut.', 5, '2019-01-28 04:11:31', '2019-01-28 04:11:31'),
(33, 86, 'Alysson Carter', 'Ad fugit magni itaque molestias cupiditate officiis dolorem. Harum occaecati voluptatum ut expedita est magni deleniti. Vel est praesentium occaecati et beatae fuga deleniti corrupti. Possimus et illo culpa ipsum exercitationem.', 1, '2019-01-28 04:11:31', '2019-01-28 04:11:31'),
(34, 96, 'Yoshiko Douglas', 'Ut accusantium est repellendus alias possimus neque possimus. Repellat quae consequatur impedit debitis omnis deleniti. Nihil error ad quidem maiores exercitationem omnis. Reprehenderit soluta rerum maiores eum perspiciatis.', 4, '2019-01-28 04:11:31', '2019-01-28 04:11:31'),
(35, 62, 'Valentine Waelchi', 'Ullam eum deserunt aliquam et numquam distinctio unde beatae. Dolorem nisi amet voluptas officia. Molestiae aliquid aut quos deleniti aut eius inventore. Nostrum accusamus architecto eligendi porro et sequi voluptatem autem.', 5, '2019-01-28 04:11:31', '2019-01-28 04:11:31'),
(36, 65, 'Destiny Christiansen', 'Deleniti pariatur quae qui repudiandae sunt. Necessitatibus odit maiores quas qui ullam iusto corporis. Porro magni minima dolorum dolorem aspernatur quasi ipsum omnis. Est rerum rem repellat cupiditate aliquid ullam nostrum voluptatibus.', 5, '2019-01-28 04:11:31', '2019-01-28 04:11:31'),
(37, 38, 'Prof. Electa Cole', 'Reiciendis eveniet eveniet distinctio aliquid modi. Magnam doloribus qui maiores non.', 5, '2019-01-28 04:11:31', '2019-01-28 04:11:31'),
(38, 63, 'Miss Kathryn Dibbert', 'Facilis neque nihil iste nihil ab et. Magni et architecto quisquam ducimus enim. Sint corrupti eligendi repellendus nihil ducimus. Assumenda et natus vel sit natus perspiciatis nihil. Voluptatum dicta qui aperiam rem non.', 4, '2019-01-28 04:11:31', '2019-01-28 04:11:31'),
(39, 2, 'Bulah Schneider', 'Id excepturi ab ut. Accusamus quo ut cum unde dolores ut. Enim et enim minus error hic dolorem illo. Dolor sed assumenda molestiae aliquid consectetur ut dolor quod.', 5, '2019-01-28 04:11:31', '2019-01-28 04:11:31'),
(40, 34, 'Miss Raphaelle Runolfsson Sr.', 'Aperiam sit reprehenderit accusamus rerum. In dolorem itaque odio autem. Est similique non omnis eligendi facere. Officia autem est non cumque libero aut. Quia atque ullam quo ducimus sit.', 3, '2019-01-28 04:11:31', '2019-01-28 04:11:31'),
(41, 87, 'Prof. Cale Kub II', 'Distinctio harum ut non voluptatem officiis consequatur iusto earum. Recusandae rerum praesentium temporibus molestiae et autem et consequatur. Et labore voluptatem sunt distinctio beatae beatae autem.', 1, '2019-01-28 04:11:31', '2019-01-28 04:11:31'),
(42, 76, 'Sabryna Trantow', 'Ad neque quidem temporibus quas sed dolores doloribus ut. Voluptatem ex sunt voluptates dolor maxime tempore vitae odit. Ullam pariatur commodi est ipsa.', 1, '2019-01-28 04:11:31', '2019-01-28 04:11:31'),
(43, 16, 'Beverly Kuhlman PhD', 'Autem autem sint recusandae provident quae velit. Amet vel deleniti fuga perferendis dolor atque. Sapiente quaerat qui iusto reiciendis eum.', 4, '2019-01-28 04:11:31', '2019-01-28 04:11:31'),
(44, 97, 'Prof. Sebastian O\'Conner MD', 'Ad sit ut ut ut. Accusamus exercitationem ipsa modi iusto omnis voluptas sapiente. Quaerat eum dolore quas delectus. Id sit ad aspernatur quaerat ipsum suscipit velit. Assumenda fugiat ab impedit odio voluptas minus.', 4, '2019-01-28 04:11:31', '2019-01-28 04:11:31'),
(45, 64, 'Sydnee Satterfield', 'Facere atque laborum et illum nobis corrupti. Qui aut cumque qui soluta. Iusto voluptates rerum beatae molestiae optio eaque. Ut accusantium qui saepe velit aut quia quam.', 4, '2019-01-28 04:11:31', '2019-01-28 04:11:31'),
(46, 38, 'Prof. Albina Gottlieb Jr.', 'Tenetur qui et tempore sit. Ut quia voluptatibus quia quia voluptas et. Aut dolorem voluptatem dolores est adipisci. Itaque est ab nulla non pariatur sit.', 3, '2019-01-28 04:11:31', '2019-01-28 04:11:31'),
(47, 39, 'Conrad Purdy', 'Cum possimus ea voluptatem corporis rem officiis. Neque omnis possimus repellat illo. Quod et est aliquid consectetur unde vel.', 3, '2019-01-28 04:11:31', '2019-01-28 04:11:31'),
(48, 82, 'Rico Lynch', 'Amet mollitia aut quia accusantium soluta et. Officia sunt nobis accusamus ut vel. Qui labore id occaecati ullam laborum error consequatur aut. Et ad soluta eveniet reiciendis facere. Cum aut quia eaque cupiditate nesciunt non.', 5, '2019-01-28 04:11:32', '2019-01-28 04:11:32'),
(49, 31, 'Immanuel Schamberger', 'Debitis ducimus quia nam consequatur officia dolor voluptatem rerum. Quod dicta rem nisi itaque quisquam laboriosam. Illo sed deleniti possimus iste.', 4, '2019-01-28 04:11:32', '2019-01-28 04:11:32'),
(50, 9, 'Amira Lockman', 'Et voluptatibus incidunt vero dolorem consequatur in accusamus. Repellendus repellat facilis eligendi mollitia doloremque qui labore voluptas. Dolor qui consequatur iste non architecto.', 1, '2019-01-28 04:11:32', '2019-01-28 04:11:32'),
(51, 78, 'Jeffery Jast', 'Numquam soluta dolor animi pariatur harum. Qui accusamus voluptates itaque neque. Sunt et voluptatem eius aut deserunt labore magnam esse. Quo harum et et voluptatum.', 5, '2019-01-28 04:11:32', '2019-01-28 04:11:32'),
(52, 50, 'Prof. Keagan O\'Hara DDS', 'Occaecati quae distinctio recusandae accusamus harum. Provident quis nesciunt quo. Perferendis est totam est hic aut occaecati.', 1, '2019-01-28 04:11:32', '2019-01-28 04:11:32'),
(53, 63, 'Ms. Icie Bechtelar DVM', 'Voluptas aut nam repudiandae soluta sit. Et nulla tempora dolor non. Omnis est sed maxime quia. Molestiae praesentium enim ut.', 2, '2019-01-28 04:11:32', '2019-01-28 04:11:32'),
(54, 9, 'Mr. Camren Botsford PhD', 'Velit impedit dicta aut repudiandae quos at. Sint esse sunt doloribus asperiores ipsam explicabo dolores. Et provident id sit est similique nemo. Fugiat modi veritatis explicabo pariatur laborum ipsam.', 2, '2019-01-28 04:11:32', '2019-01-28 04:11:32'),
(55, 67, 'Mr. Robert Runolfsdottir', 'At qui error minima. Sit quis sed sit qui. Porro illo et eos.', 0, '2019-01-28 04:11:32', '2019-01-28 04:11:32'),
(56, 63, 'Juana Jerde', 'Et et magni repellendus hic. Culpa id rerum rerum excepturi eligendi est ut. Tenetur non officiis similique veniam ullam enim ipsa asperiores. Fugiat et rem ut voluptatem.', 5, '2019-01-28 04:11:32', '2019-01-28 04:11:32'),
(57, 63, 'Angelica Tremblay DVM', 'Ratione sapiente et vitae nulla sapiente modi aspernatur. Nemo accusantium qui debitis dolor autem voluptas. Qui blanditiis molestiae vitae eum eveniet. Et et vero rerum omnis commodi.', 0, '2019-01-28 04:11:32', '2019-01-28 04:11:32'),
(58, 6, 'Ms. Kaitlyn Bernhard PhD', 'Et voluptates reiciendis odio voluptas ut ea. Consequatur et quam consequuntur id qui quisquam sed. Repellat praesentium assumenda ducimus maxime.', 2, '2019-01-28 04:11:32', '2019-01-28 04:11:32'),
(59, 1, 'Armand Leannon II', 'Sed eveniet eos beatae sapiente nihil ad quae. Suscipit sequi velit debitis nulla asperiores tenetur voluptas. Ipsum hic laborum rem quibusdam deserunt quasi.', 1, '2019-01-28 04:11:32', '2019-01-28 04:11:32'),
(60, 44, 'Elliot Koss', 'Molestias qui hic magni et fugiat dolorem omnis praesentium. Dicta qui et vero nobis. Non magnam ipsa alias esse voluptas facilis eos.', 0, '2019-01-28 04:11:32', '2019-01-28 04:11:32'),
(61, 15, 'Prof. Matteo DuBuque', 'Tenetur sit suscipit in quo quibusdam aut omnis ea. Beatae aliquid qui itaque autem. Numquam et accusamus pariatur mollitia sed. Vero voluptatibus deserunt et et id est fugit.', 3, '2019-01-28 04:11:32', '2019-01-28 04:11:32'),
(62, 34, 'Edmond Dach', 'Et rerum officiis consequatur voluptas et quibusdam odio. Quos unde ad tempora consequuntur fugiat.', 3, '2019-01-28 04:11:32', '2019-01-28 04:11:32'),
(63, 49, 'Marquis Rodriguez', 'Modi ipsam inventore sed rerum commodi nihil est. Voluptas voluptatem voluptas eos eos fuga id. Dolorem dolor dolores eos et voluptas animi. Ut aut perferendis omnis voluptas itaque voluptas.', 5, '2019-01-28 04:11:32', '2019-01-28 04:11:32'),
(64, 52, 'Evans Smith Sr.', 'Voluptatibus autem dolores et autem. Error asperiores temporibus tenetur cum. Similique delectus et neque magnam explicabo ea illum.', 1, '2019-01-28 04:11:32', '2019-01-28 04:11:32'),
(65, 24, 'Miss Vernie Hoppe IV', 'Sed est in doloremque sed. Quia et laudantium fugiat illum quia. Earum veritatis doloribus ratione est. Ipsam qui dolorum iure. Sed vel assumenda voluptas aut odio aut.', 1, '2019-01-28 04:11:33', '2019-01-28 04:11:33'),
(66, 17, 'Ms. Vicky Brekke', 'Placeat rerum voluptate sed earum maxime nihil. Voluptatum minus nihil expedita et a molestiae dicta velit. Nam suscipit sunt ab debitis saepe laborum asperiores sed. Et inventore et quos in omnis perspiciatis voluptas.', 0, '2019-01-28 04:11:33', '2019-01-28 04:11:33'),
(67, 19, 'Miss Pamela Anderson', 'Quasi voluptas quos reprehenderit impedit sit quis. Est corporis nostrum qui expedita a ipsam. Nam quam voluptatum laborum rem animi a.', 0, '2019-01-28 04:11:33', '2019-01-28 04:11:33'),
(68, 35, 'Prof. Shanon Ondricka PhD', 'Mollitia praesentium culpa sunt. Alias vel ullam velit rerum iusto qui. Nemo autem in vel ipsa quasi suscipit animi. Ea quia sed ab aperiam neque. Aut et numquam in quis recusandae sapiente sequi.', 2, '2019-01-28 04:11:33', '2019-01-28 04:11:33'),
(69, 1, 'Gwen Bogisich', 'Dolorem tempora deserunt nihil accusamus veritatis cum consequatur. Reiciendis id tempora reiciendis saepe exercitationem qui voluptatem occaecati. Dolor nisi et rerum ratione. Quasi dolor quis eius quia quia quisquam velit quos.', 4, '2019-01-28 04:11:33', '2019-01-28 04:11:33'),
(70, 48, 'Randi Johnson', 'Repellendus qui iusto delectus saepe optio. Quo quis dolorem dolorum quos aut omnis. Quisquam minus adipisci aut rerum ad assumenda.', 1, '2019-01-28 04:11:33', '2019-01-28 04:11:33'),
(71, 77, 'Delia Bogisich', 'Aut in eveniet quam placeat ex placeat laborum error. Quam ut quia iste illum et voluptatem laborum. Et qui veritatis suscipit facilis sed tempora et. Enim culpa dicta et alias molestiae rerum rerum.', 5, '2019-01-28 04:11:33', '2019-01-28 04:11:33'),
(72, 84, 'Ahmed Quigley', 'Ut quas beatae veniam quis dolorem nostrum neque. Aut natus dolorem praesentium accusantium. Ab eos nisi dolorum voluptatem. Et qui vero earum qui pariatur laboriosam.', 1, '2019-01-28 04:11:33', '2019-01-28 04:11:33'),
(73, 57, 'Dr. Jevon Osinski', 'Dolor aut veritatis porro enim. At vitae consequuntur dolores commodi voluptatum. Quam sit rerum aspernatur occaecati voluptatem officia.', 0, '2019-01-28 04:11:33', '2019-01-28 04:11:33'),
(74, 11, 'Darwin Howe', 'Illo aperiam aspernatur quaerat quia vel et. Dolorem sunt odit sint maiores exercitationem. Consequatur aut ipsa tempora illo molestiae vitae. Sed dolor reprehenderit nobis molestias voluptas et.', 4, '2019-01-28 04:11:33', '2019-01-28 04:11:33'),
(75, 94, 'Hertha Hettinger', 'Reiciendis aut repudiandae minus eum autem rerum. Accusantium quidem id mollitia distinctio facilis praesentium amet. Optio nam illum dolorem ipsa. Recusandae quaerat nisi deserunt voluptatum optio sed dolor. Ut iste omnis asperiores voluptas reiciendis minima itaque.', 4, '2019-01-28 04:11:33', '2019-01-28 04:11:33'),
(76, 98, 'Triston Bergnaum III', 'Natus placeat harum ut reiciendis ut explicabo magnam quas. Quia dolor ut laudantium.', 0, '2019-01-28 04:11:33', '2019-01-28 04:11:33'),
(77, 47, 'Easton Cruickshank', 'Possimus odit deserunt perspiciatis dolores est corrupti. Quo ad quasi tempora non. Soluta vitae at quos aut asperiores.', 5, '2019-01-28 04:11:33', '2019-01-28 04:11:33'),
(78, 15, 'Waino Wyman', 'Nihil suscipit molestiae aut aut corporis sapiente nulla. Omnis quibusdam ut aliquid quod cum. Officia itaque minus eos asperiores est saepe alias. Voluptatem asperiores et eum vitae doloremque.', 0, '2019-01-28 04:11:33', '2019-01-28 04:11:33'),
(79, 58, 'Soledad Schmidt', 'Voluptatem dolores sunt consectetur. Nesciunt porro atque non tempora iste a. Voluptatem sed a in sint ut neque atque. Doloremque tempore provident quasi qui.', 2, '2019-01-28 04:11:34', '2019-01-28 04:11:34'),
(80, 23, 'Dr. Dusty Upton', 'Temporibus nemo qui modi ipsam dolor. Non ea distinctio quia enim suscipit. Expedita ipsum similique ut doloremque. Enim ab omnis est unde.', 5, '2019-01-28 04:11:34', '2019-01-28 04:11:34'),
(81, 35, 'Abbie Bogisich', 'Laudantium et molestiae nulla itaque rerum magnam. Nihil sed nostrum a molestiae. Vel quo est quia animi. Odio sed laboriosam laboriosam cumque laudantium aperiam eos.', 3, '2019-01-28 04:11:34', '2019-01-28 04:11:34'),
(82, 19, 'Florida Schulist', 'Numquam in necessitatibus culpa ea quisquam. Sunt modi aperiam aut repudiandae voluptas. Totam quasi assumenda labore quaerat sit delectus.', 3, '2019-01-28 04:11:34', '2019-01-28 04:11:34'),
(83, 30, 'Dr. Cornell Block V', 'Nesciunt deserunt iste aut commodi quia et ut. Et consequuntur optio sit sapiente sit illo quaerat. Aut quis similique tempora. Praesentium illo quisquam dicta illo sunt dolorem quidem.', 4, '2019-01-28 04:11:34', '2019-01-28 04:11:34'),
(84, 81, 'Juana Legros', 'Fugit doloremque consequuntur a quas rerum quidem nisi. Iste fuga harum facilis voluptatem ducimus ut dignissimos. Rerum recusandae perspiciatis blanditiis assumenda velit quod et. Voluptatibus voluptas aut alias corporis hic temporibus. Pariatur quos sunt atque minus dolores.', 0, '2019-01-28 04:11:34', '2019-01-28 04:11:34'),
(85, 97, 'Dewayne Balistreri DDS', 'Dolor et commodi odit similique quo deleniti optio inventore. Ut vero magnam mollitia.', 4, '2019-01-28 04:11:34', '2019-01-28 04:11:34'),
(86, 36, 'Eldridge Denesik', 'At id ipsum repellat et aut dolorem. Aliquam similique ut non nihil deserunt dolor. Recusandae sed similique commodi non cum placeat voluptatem.', 4, '2019-01-28 04:11:34', '2019-01-28 04:11:34'),
(87, 13, 'Ms. Dannie Renner', 'Porro fugiat eligendi voluptatem neque quisquam mollitia. Ea ipsa cupiditate dolor.', 3, '2019-01-28 04:11:34', '2019-01-28 04:11:34'),
(88, 11, 'Natasha Hermann', 'Corrupti corporis et corporis. Aspernatur alias maxime rem et. Distinctio modi eum veritatis veritatis distinctio a. Eum eos ea quis et.', 2, '2019-01-28 04:11:34', '2019-01-28 04:11:34'),
(89, 87, 'Werner Feeney', 'Quisquam est doloremque qui voluptas tenetur nihil nobis. Saepe soluta facere incidunt error eum aperiam eum id. Quibusdam repudiandae ab vero magni maiores maiores optio.', 1, '2019-01-28 04:11:34', '2019-01-28 04:11:34'),
(90, 42, 'Dr. Caleb Volkman', 'Et sapiente rerum nam nihil. A quia debitis necessitatibus quas. Dolorum ipsa modi quae. Repellat qui eaque ullam ipsam sapiente velit excepturi.', 0, '2019-01-28 04:11:34', '2019-01-28 04:11:34'),
(91, 29, 'Mrs. Amina Carroll', 'Neque maxime corporis aperiam qui repudiandae dolorem non enim. Voluptatem perferendis ipsum consequatur ab occaecati sed. Velit quod rerum tempore.', 2, '2019-01-28 04:11:34', '2019-01-28 04:11:34'),
(92, 87, 'Dr. Bertha Koepp V', 'Maxime quia et quam voluptates est dolorum magnam. Facilis quia mollitia consectetur ducimus. Iusto expedita quam quidem nihil velit.', 3, '2019-01-28 04:11:34', '2019-01-28 04:11:34'),
(93, 53, 'Mr. Nikko Abernathy', 'Sit quis praesentium perspiciatis odit quia consectetur consequatur. Quia ea et sunt aut et neque reiciendis. Quod libero et officia fuga harum rerum. Quas possimus id nobis qui est.', 5, '2019-01-28 04:11:35', '2019-01-28 04:11:35'),
(94, 63, 'Dr. Deangelo Bode', 'Rem ut nemo debitis. Eos qui quidem qui. Fuga quo amet ea et quam exercitationem. Sed sit cum saepe odit velit.', 0, '2019-01-28 04:11:35', '2019-01-28 04:11:35'),
(95, 31, 'Prof. Dawson Leannon Sr.', 'Ducimus voluptates eum in quis maxime doloribus. Tenetur accusamus quis qui. Cupiditate quis nihil deserunt in. Assumenda et occaecati dolorem sapiente.', 0, '2019-01-28 04:11:35', '2019-01-28 04:11:35'),
(96, 94, 'Carrie Veum Jr.', 'Assumenda eum molestiae voluptas sit quia. Molestiae magni autem ex architecto qui id. Dolorem sunt veniam nesciunt minima reprehenderit blanditiis nemo. Non quae unde vel. Quam quam autem nihil minima facere culpa.', 2, '2019-01-28 04:11:35', '2019-01-28 04:11:35'),
(97, 55, 'Mr. Dave Leuschke', 'Voluptate ut facere sunt optio impedit aliquam aut. Aut pariatur maxime deserunt dolorem. Iure distinctio non molestias voluptates corporis.', 3, '2019-01-28 04:11:35', '2019-01-28 04:11:35'),
(98, 63, 'Miss Maya Schuppe', 'Nulla optio provident aut quisquam delectus reiciendis. Velit magnam excepturi magni iure laboriosam impedit autem consequuntur. Atque vitae ut voluptate non harum eaque. Eum aut magni et voluptatum natus.', 4, '2019-01-28 04:11:35', '2019-01-28 04:11:35'),
(99, 5, 'Mr. Cedrick VonRueden I', 'Pariatur vitae adipisci qui quam non. Harum nulla excepturi libero non et ab maxime. Dolore sunt suscipit qui sunt. Excepturi dolores quod ea provident mollitia ad nihil omnis.', 5, '2019-01-28 04:11:35', '2019-01-28 04:11:35'),
(100, 34, 'Prof. Robbie Dietrich DDS', 'Asperiores perferendis nemo labore enim. Dignissimos hic autem architecto illum impedit rerum repellendus. Tempora voluptatem accusantium adipisci aspernatur dolorem quam. Id quibusdam doloremque aut quia provident vel nisi.', 1, '2019-01-28 04:11:35', '2019-01-28 04:11:35'),
(101, 8, 'Mack Willms', 'Ea aut sint dignissimos voluptas sapiente qui. Ea sint tenetur aut. Minus aperiam sapiente id exercitationem.', 5, '2019-01-28 04:11:35', '2019-01-28 04:11:35'),
(102, 43, 'Miles Kutch', 'Quibusdam recusandae iste molestiae dignissimos cupiditate voluptas. Voluptatem voluptatem optio in. Cupiditate veritatis nemo voluptatum. Quam voluptates porro iste.', 5, '2019-01-28 04:11:35', '2019-01-28 04:11:35'),
(103, 5, 'Euna Johns', 'Beatae recusandae vero nesciunt explicabo quis. Sint vitae sequi et amet beatae rerum labore aliquid. Quia recusandae autem sequi nulla sunt tenetur.', 3, '2019-01-28 04:11:35', '2019-01-28 04:11:35'),
(104, 57, 'Greta Lang IV', 'Fugiat vero aliquid consequatur vitae voluptatibus voluptatem. Eos earum et reprehenderit sit labore ab quia et. Eos quo officiis cupiditate quis consectetur natus maiores.', 5, '2019-01-28 04:11:35', '2019-01-28 04:11:35'),
(105, 23, 'Michale Block', 'Perspiciatis molestiae reiciendis enim nulla doloribus et perferendis. Quis est veritatis quaerat labore similique laudantium. Facere quae et adipisci illo saepe. Facilis quos deserunt rerum eum assumenda sit fugiat.', 3, '2019-01-28 04:11:35', '2019-01-28 04:11:35'),
(106, 21, 'Archibald Durgan', 'Omnis quisquam soluta dolorem unde. Omnis suscipit et ut ut est nesciunt. Rem blanditiis soluta qui numquam.', 0, '2019-01-28 04:11:35', '2019-01-28 04:11:35'),
(107, 24, 'Herbert Kirlin', 'Et et at est eveniet cupiditate. Impedit qui quo natus dicta. Quod ipsa et quia vero error molestias cupiditate.', 1, '2019-01-28 04:11:36', '2019-01-28 04:11:36'),
(108, 21, 'Mrs. Luna Konopelski Jr.', 'Saepe reiciendis eius quod quis ex. Aliquam rerum veritatis aut. Rerum numquam quae nesciunt maiores soluta soluta dicta tempora.', 4, '2019-01-28 04:11:36', '2019-01-28 04:11:36'),
(109, 95, 'Kaitlin Gleichner', 'Voluptas rerum rerum iure accusantium minus. Sapiente fuga impedit iusto.', 3, '2019-01-28 04:11:36', '2019-01-28 04:11:36'),
(110, 27, 'Dr. Ford Jacobs', 'Ut commodi libero distinctio quas aspernatur aut. Impedit quo beatae molestiae earum. Ut iusto voluptatem ipsum. Iure laboriosam consequatur molestiae recusandae et voluptas.', 4, '2019-01-28 04:11:36', '2019-01-28 04:11:36'),
(111, 52, 'Adrienne Doyle', 'Quis incidunt consequuntur dolorum dolor minima nam sit cum. Quia eveniet et ea minima et totam. Dolorum id aliquid dolorem nihil.', 0, '2019-01-28 04:11:36', '2019-01-28 04:11:36'),
(112, 58, 'Mitchell Bogan', 'Et magni sed illum quis expedita eos. Nobis rerum omnis amet voluptatem. Eos possimus dolor quam incidunt doloremque quo. Vero excepturi nostrum qui molestias saepe et sunt.', 2, '2019-01-28 04:11:36', '2019-01-28 04:11:36'),
(113, 33, 'Elmer Lesch', 'Blanditiis inventore ipsa quasi consequatur eaque. Iure ab quia delectus ut et dolore.', 5, '2019-01-28 04:11:36', '2019-01-28 04:11:36'),
(114, 11, 'Elvis Jacobs', 'Nobis perferendis quam molestias facilis veniam. Iure exercitationem officia illo voluptatibus repellendus. Delectus ea iusto rerum nesciunt et dolorem. Nobis minima eum cupiditate quos sit.', 3, '2019-01-28 04:11:36', '2019-01-28 04:11:36'),
(115, 14, 'Willy Jacobi', 'Qui eligendi ad numquam laboriosam voluptatem. Aut necessitatibus quidem et consequatur corrupti. Quasi et et quis vero. Ut nihil ea impedit quis.', 5, '2019-01-28 04:11:36', '2019-01-28 04:11:36'),
(116, 55, 'Deontae Kozey', 'Est qui odit omnis temporibus quo consequatur. Eos ut minima voluptatem et doloremque doloremque aut. Dolorem ut atque incidunt nobis molestiae omnis id.', 5, '2019-01-28 04:11:36', '2019-01-28 04:11:36'),
(117, 1, 'Arno Wehner III', 'Et aut quas non ut et excepturi. Quo neque et ipsum officia consequatur illo molestiae. Quia nostrum occaecati sed quia ullam. Odit delectus a officiis nulla adipisci. Maxime consequatur et quam rem rem assumenda expedita.', 1, '2019-01-28 04:11:36', '2019-01-28 04:11:36'),
(118, 39, 'Blanche Grant', 'Est unde rerum qui. Et nobis enim et quae odit officia. Vel ut assumenda omnis qui illo. Accusantium voluptates molestias commodi.', 1, '2019-01-28 04:11:36', '2019-01-28 04:11:36'),
(119, 86, 'Wendy Lang III', 'Aperiam modi voluptatem quia eveniet magni. Necessitatibus quae labore ducimus eum voluptas autem necessitatibus. Voluptate voluptate expedita sint non quasi ipsa dignissimos. Exercitationem excepturi neque earum qui sit.', 3, '2019-01-28 04:11:36', '2019-01-28 04:11:36'),
(120, 80, 'Houston Altenwerth', 'Voluptas sit qui deleniti est ullam. Non fugit reiciendis numquam. Magni sunt numquam qui et.', 3, '2019-01-28 04:11:36', '2019-01-28 04:11:36'),
(121, 56, 'Albina Wolf', 'Nostrum facilis magnam soluta. Pariatur rerum ut quos corrupti sit.', 3, '2019-01-28 04:11:36', '2019-01-28 04:11:36'),
(122, 36, 'Tina Carroll', 'Quod accusantium soluta et laborum ab cum. Eos quasi nulla illum quia eveniet repellendus. Explicabo soluta maxime nihil et aut maiores dicta. Laboriosam odio qui illum ut natus dolorem molestiae suscipit. Non facere aut aperiam animi et minima.', 2, '2019-01-28 04:11:36', '2019-01-28 04:11:36'),
(123, 56, 'Walker Krajcik', 'Qui nobis et facilis possimus ex accusamus. Sapiente reiciendis autem cum ratione eos nihil repellendus. Eveniet nulla rerum aliquam praesentium.', 5, '2019-01-28 04:11:36', '2019-01-28 04:11:36'),
(124, 30, 'Doyle Zemlak Sr.', 'Quia amet dolores voluptates. Suscipit harum molestiae totam quasi occaecati quibusdam. Minus illum aut reiciendis non sapiente fuga. Ipsa rerum vel repudiandae sunt ut.', 1, '2019-01-28 04:11:36', '2019-01-28 04:11:36'),
(125, 39, 'Aurelie Deckow', 'Expedita sequi soluta est consequatur quisquam porro officia ducimus. Labore nihil enim minus dolor. Aliquid dolor non aut dolorum et possimus eos. Unde non nobis maxime.', 2, '2019-01-28 04:11:37', '2019-01-28 04:11:37'),
(126, 34, 'Ms. Mina Rau', 'Est et eos dolore necessitatibus atque. Aliquid assumenda unde molestiae. Aut explicabo nam doloribus omnis iure sint commodi consequatur. Autem modi minus rerum odit corporis ab.', 3, '2019-01-28 04:11:37', '2019-01-28 04:11:37'),
(127, 51, 'Prof. Moises Schroeder', 'Deleniti qui eos dolor aut nihil est. Perferendis natus voluptatem in nihil corporis eligendi aut autem. Sapiente non sit adipisci nesciunt. Id iure ad esse doloremque necessitatibus eum.', 3, '2019-01-28 04:11:37', '2019-01-28 04:11:37'),
(128, 32, 'Marie Shanahan', 'Aut consequatur earum quisquam excepturi at nesciunt. Consequatur sunt ab dolores. Provident ea quos sequi tempore reiciendis doloremque. Provident non quas et rem eos ad maxime.', 2, '2019-01-28 04:11:37', '2019-01-28 04:11:37'),
(129, 57, 'Shanna Hahn', 'Quidem voluptas repellat accusantium labore consectetur sequi. Quidem illum quia fugiat voluptatem culpa. Occaecati iste ea praesentium adipisci et. Animi aut magni illo nemo.', 0, '2019-01-28 04:11:37', '2019-01-28 04:11:37'),
(130, 73, 'Alessandra Nolan', 'Labore quisquam nemo culpa quo sunt sunt iure. Praesentium consectetur sed nihil excepturi nesciunt ea. Animi ab cum quasi ipsa et. Et placeat quaerat architecto autem.', 0, '2019-01-28 04:11:37', '2019-01-28 04:11:37'),
(131, 79, 'Brandon Heidenreich', 'Vero molestias qui ea omnis et soluta. Quia id facere omnis pariatur vel minus fuga. Voluptatibus aliquam nulla molestias numquam facilis. Voluptatem sit sit voluptatem quia ut.', 5, '2019-01-28 04:11:37', '2019-01-28 04:11:37'),
(132, 17, 'Keenan Conn', 'Ut ab error incidunt velit in eaque. Fugit magni neque magni. Dolorem ut laborum provident qui.', 4, '2019-01-28 04:11:37', '2019-01-28 04:11:37'),
(133, 41, 'Dr. Kacie Lind II', 'Praesentium excepturi eligendi culpa. Molestiae molestiae quia rerum. Rem est beatae ea qui minus. Provident ut eius et dolorum.', 4, '2019-01-28 04:11:37', '2019-01-28 04:11:37'),
(134, 54, 'Prof. Erling Mueller MD', 'Impedit dolorum ex pariatur quis non id aut. Adipisci sed voluptas facilis animi ipsum. Delectus qui natus ipsam qui.', 3, '2019-01-28 04:11:37', '2019-01-28 04:11:37'),
(135, 13, 'Dr. Marcos Reynolds', 'Explicabo natus odit dolor deserunt esse at. Qui aliquam ut expedita. Voluptatem libero voluptatem voluptas ratione et nihil. Dolorum rerum et iure harum autem quas.', 0, '2019-01-28 04:11:37', '2019-01-28 04:11:37'),
(136, 3, 'Kattie Halvorson', 'Sit corporis soluta eaque et. Ad non quidem minima quis vel voluptas. Est voluptate quam temporibus sunt et et et.', 3, '2019-01-28 04:11:37', '2019-01-28 04:11:37'),
(137, 64, 'Walton Pouros Jr.', 'Ut ea ut qui perspiciatis iste ducimus sequi sunt. Laboriosam doloribus explicabo sed enim. Culpa quas et asperiores aliquid minima et.', 4, '2019-01-28 04:11:37', '2019-01-28 04:11:37'),
(138, 77, 'Prof. Chet Heathcote II', 'Quaerat eveniet totam quas dolorum aut eius. Illum aut voluptas eos enim eius. Dignissimos sed ea qui tempora nulla ea.', 0, '2019-01-28 04:11:37', '2019-01-28 04:11:37'),
(139, 4, 'Brennan Ratke', 'Itaque iusto laudantium quam qui qui earum. Saepe qui omnis omnis quia repellendus et. Iure ut explicabo corporis magnam asperiores in sit. Velit dolor ipsam ratione atque numquam quaerat.', 4, '2019-01-28 04:11:37', '2019-01-28 04:11:37'),
(140, 88, 'Leta White PhD', 'Ullam sapiente reprehenderit autem enim provident dignissimos. Ratione fugit aspernatur ipsam earum sit reiciendis voluptatem. Similique rem voluptatibus repellat natus aut alias aspernatur.', 3, '2019-01-28 04:11:37', '2019-01-28 04:11:37'),
(141, 27, 'Alexandrea Lowe', 'Aut officia eos a rerum cupiditate architecto. Et impedit iusto animi temporibus praesentium ut. Hic facere nemo repellat quo. Sed quis neque modi deserunt rem consequatur in.', 5, '2019-01-28 04:11:37', '2019-01-28 04:11:37'),
(142, 73, 'Andreane Champlin', 'Enim consequatur quia quia qui eveniet quam. Deserunt facere perferendis ipsa voluptatem et aliquam ut omnis. Nostrum sit dicta natus numquam.', 4, '2019-01-28 04:11:37', '2019-01-28 04:11:37'),
(143, 13, 'Jalyn Kiehn', 'Exercitationem nihil incidunt porro quod dolorem eaque deserunt nihil. Facere esse aliquid cumque tenetur laborum. Rerum laborum dolores impedit est aut. Sit laudantium et illum iste nostrum nesciunt eveniet et.', 0, '2019-01-28 04:11:38', '2019-01-28 04:11:38'),
(144, 8, 'Murray Gutmann', 'Cumque recusandae repudiandae consequatur doloribus cum. Neque dolor velit itaque libero. Explicabo tenetur et quod at totam. Dignissimos ex sed asperiores aperiam corporis.', 3, '2019-01-28 04:11:38', '2019-01-28 04:11:38'),
(145, 22, 'Jolie Langworth', 'Quia laboriosam doloribus blanditiis aliquam accusantium placeat ut. Maxime iusto et dolor voluptas.', 0, '2019-01-28 04:11:38', '2019-01-28 04:11:38'),
(146, 20, 'Destini Heller', 'Qui facilis ut sint aliquid dignissimos dolore non. Ex minima recusandae neque et aut. Odio recusandae saepe voluptas magnam numquam.', 1, '2019-01-28 04:11:38', '2019-01-28 04:11:38'),
(147, 74, 'Esther Cassin', 'Et consequatur incidunt rerum sed dolorem ea. Itaque aspernatur iste magni cumque. Pariatur expedita cumque voluptas quos id.', 4, '2019-01-28 04:11:38', '2019-01-28 04:11:38'),
(148, 4, 'Dr. Priscilla Quigley', 'Pariatur soluta rerum dolorem eos maiores aliquam officiis. Voluptatibus omnis aut non repellat. Fugit qui omnis ex doloribus dolorem iste recusandae et. Sed soluta architecto autem nisi accusantium officiis sapiente. Voluptatem dolore deserunt rem quisquam nostrum sed debitis.', 3, '2019-01-28 04:11:38', '2019-01-28 04:11:38'),
(149, 35, 'Asa Crooks', 'Voluptas asperiores consequatur dolorum laborum. Non quas aspernatur incidunt rerum veritatis vel qui. Soluta omnis commodi enim enim sapiente. Dolorum quos aspernatur non dolorum quae.', 1, '2019-01-28 04:11:38', '2019-01-28 04:11:38'),
(150, 1, 'Aurelia Keeling', 'Fuga omnis et fugit veniam. Sint dolore est odio veritatis est saepe iusto expedita. Sit omnis et et et harum.', 4, '2019-01-28 04:11:38', '2019-01-28 04:11:38'),
(151, 37, 'Rosemarie Mitchell', 'Ut omnis beatae praesentium iusto minus. Recusandae autem et veniam illo consectetur voluptatum. Voluptatem sit aspernatur expedita adipisci delectus.', 5, '2019-01-28 04:11:38', '2019-01-28 04:11:38'),
(152, 52, 'Mr. Jaleel Adams', 'Est ut ut et ad non voluptatem. Labore incidunt totam aut aut.', 5, '2019-01-28 04:11:38', '2019-01-28 04:11:38'),
(153, 79, 'Norberto O\'Reilly', 'Omnis veniam quia eveniet possimus et. Vitae quis ut nihil non pariatur. Quo quis tempore autem facilis. Iure mollitia hic perspiciatis et molestiae.', 0, '2019-01-28 04:11:38', '2019-01-28 04:11:38'),
(154, 63, 'Prof. Trent Jakubowski', 'Minus molestiae ut saepe vel. Quibusdam hic odio consequatur consequuntur nihil est animi. Sed quo neque et error. Iste quidem velit placeat quasi.', 5, '2019-01-28 04:11:38', '2019-01-28 04:11:38'),
(155, 87, 'Jaleel Harvey', 'Rerum aut at ab rerum. Optio dolore laborum ducimus dolorem nobis earum. Odio eaque qui aliquid aut quos. Quibusdam soluta unde ad tempore qui architecto.', 4, '2019-01-28 04:11:38', '2019-01-28 04:11:38'),
(156, 89, 'Mr. Rowland O\'Reilly I', 'Sunt voluptate et iusto quo et deserunt. Non quia rerum aspernatur. Facilis repudiandae est voluptatum voluptatem optio.', 3, '2019-01-28 04:11:38', '2019-01-28 04:11:38'),
(157, 8, 'Dorcas Wolf', 'Sequi sit quia iusto eum eveniet qui. Error minima quia ea est impedit commodi alias. Maxime nihil neque est.', 4, '2019-01-28 04:11:38', '2019-01-28 04:11:38'),
(158, 67, 'Barney Nader', 'Blanditiis qui sunt numquam quia non nulla ex. Voluptate voluptatem quisquam nemo eos occaecati repudiandae provident. Libero beatae rem et autem. Ex similique eos veniam placeat ea qui dolore.', 2, '2019-01-28 04:11:38', '2019-01-28 04:11:38'),
(159, 14, 'Piper Dooley', 'Molestias eum quos et suscipit consectetur aut. Asperiores quasi blanditiis ut unde. Ea ut quia eos placeat est.', 1, '2019-01-28 04:11:38', '2019-01-28 04:11:38'),
(160, 23, 'Prof. Jarrett Franecki', 'Nam voluptatem a sapiente fugiat modi repudiandae. Quia repellat neque dolore voluptates repellat commodi. Natus dolorem doloremque facilis corporis mollitia.', 0, '2019-01-28 04:11:39', '2019-01-28 04:11:39'),
(161, 33, 'Prof. Samir Kuvalis', 'Libero excepturi minus dolorem neque sed rem optio sit. Ut quia dignissimos molestiae enim nisi sapiente fugit facilis.', 1, '2019-01-28 04:11:39', '2019-01-28 04:11:39'),
(162, 64, 'Patsy Barrows', 'Quibusdam quis et amet aliquam cupiditate. Eum tenetur earum et est quasi.', 1, '2019-01-28 04:11:39', '2019-01-28 04:11:39'),
(163, 32, 'Rolando Stamm', 'Ab sed aperiam consequatur rem quaerat ut. Aliquid quod ipsam ipsa odio quidem suscipit. Maxime vel ab et amet. Nostrum consectetur aut harum repellat occaecati reprehenderit aperiam et. Exercitationem illum nisi quam sit qui aut amet et.', 5, '2019-01-28 04:11:39', '2019-01-28 04:11:39'),
(164, 92, 'Fern Christiansen', 'Velit nostrum illo impedit consequatur. Aut est magnam porro repellat. Ut sequi eum qui earum voluptatem deserunt.', 3, '2019-01-28 04:11:39', '2019-01-28 04:11:39'),
(165, 94, 'Collin Cole PhD', 'Aut repellat rem voluptatum dolores nostrum reiciendis rem. Provident autem atque voluptatem in dolor voluptatem quia. Fuga quia ad magni rerum.', 3, '2019-01-28 04:11:39', '2019-01-28 04:11:39'),
(166, 99, 'Miss Krista Mills', 'Amet quia et qui mollitia. Nemo enim atque voluptas qui. Adipisci maxime saepe necessitatibus facere. Voluptatem voluptas est magni totam quisquam.', 1, '2019-01-28 04:11:39', '2019-01-28 04:11:39'),
(167, 66, 'Dixie Fahey', 'Ab cum illum enim iure atque recusandae aliquam id. Consequuntur dolore rerum neque dolore sed autem. Officiis tempora adipisci vitae cum. Ut facilis est sint suscipit.', 0, '2019-01-28 04:11:39', '2019-01-28 04:11:39'),
(168, 92, 'Albina Leuschke', 'Hic repudiandae sequi alias fugit ut. Fuga veniam sed officia culpa vel. Ipsum qui ea sunt ut et dolorum sunt. Explicabo dolorum et accusantium repellat voluptatem.', 0, '2019-01-28 04:11:39', '2019-01-28 04:11:39'),
(169, 89, 'Ms. Meda O\'Reilly V', 'Incidunt nisi illum a quia sequi facere. Facere veritatis ut cumque. Recusandae quo ex at optio.', 1, '2019-01-28 04:11:39', '2019-01-28 04:11:39'),
(170, 99, 'Reina Bins', 'Quia tenetur ad aut hic consequatur enim voluptas. Explicabo blanditiis sapiente vel debitis. Qui cum assumenda laudantium veritatis. Corporis voluptatum earum sit at alias sed. Amet ullam velit eos.', 5, '2019-01-28 04:11:39', '2019-01-28 04:11:39'),
(171, 86, 'Sarai Trantow', 'Qui voluptates vel quia debitis nihil. Voluptatem rerum omnis sapiente nobis rerum corrupti. Est cumque unde blanditiis placeat molestiae. Quos commodi ad ut perspiciatis quia dolor.', 5, '2019-01-28 04:11:39', '2019-01-28 04:11:39'),
(172, 17, 'Yasmeen Johnston', 'Laboriosam eum explicabo quia iure minima tempore. Hic harum iure nihil et non tenetur. Consectetur quas corporis nihil aut laudantium. Laudantium sit perspiciatis asperiores nihil mollitia est voluptate.', 4, '2019-01-28 04:11:40', '2019-01-28 04:11:40'),
(173, 68, 'Prof. Casper West', 'Id ut doloremque ex et. Accusamus quasi quia accusamus sed. Quia nam officiis illo commodi. Rem facere doloribus tempore atque architecto a pariatur.', 3, '2019-01-28 04:11:40', '2019-01-28 04:11:40'),
(174, 79, 'Dr. Samanta Nicolas I', 'Fugiat ea voluptatem dolorem commodi dignissimos ratione ut. Distinctio fuga commodi aut eveniet beatae. Sunt qui quis eaque deserunt aperiam. Pariatur velit consequuntur aliquam aut porro alias in.', 3, '2019-01-28 04:11:40', '2019-01-28 04:11:40'),
(175, 2, 'Prof. Nasir Jakubowski DDS', 'Aperiam nesciunt maiores nam quas. Voluptas magni dignissimos officia suscipit sit. Rerum dolorem accusamus ipsa id voluptas molestias rerum.', 0, '2019-01-28 04:11:40', '2019-01-28 04:11:40'),
(176, 46, 'Madge Durgan', 'Suscipit nostrum voluptatem ut debitis nisi voluptates consequuntur. Est quis velit ducimus exercitationem. Quis neque velit error. Aspernatur aliquam mollitia fugiat dolores.', 4, '2019-01-28 04:11:40', '2019-01-28 04:11:40'),
(177, 70, 'Jermain Dietrich', 'Et vitae velit a cumque. Harum sunt repellat qui omnis sint voluptas earum. Quia aut maxime in et.', 0, '2019-01-28 04:11:40', '2019-01-28 04:11:40'),
(178, 19, 'Lacy Mertz', 'Et veritatis molestiae ut eos et velit. Voluptate quis deleniti excepturi. Nemo sed et et nisi. Nam qui cum molestiae eaque voluptatem ut et.', 0, '2019-01-28 04:11:40', '2019-01-28 04:11:40'),
(179, 4, 'Demetris White', 'Ducimus ut nobis quia. Quibusdam dolore blanditiis iure ipsam ad. Alias et fugiat quasi itaque ab recusandae.', 2, '2019-01-28 04:11:40', '2019-01-28 04:11:40'),
(180, 18, 'Providenci Dach', 'Impedit repellat culpa necessitatibus et qui natus sed. Omnis eligendi itaque voluptatum est enim. Nihil rerum dolorem est nam velit. Recusandae et recusandae et iusto quis omnis blanditiis.', 1, '2019-01-28 04:11:40', '2019-01-28 04:11:40'),
(181, 69, 'Sally Kiehn', 'Odio iure itaque porro repudiandae voluptatibus. Harum assumenda assumenda facilis rem quos recusandae.', 5, '2019-01-28 04:11:40', '2019-01-28 04:11:40'),
(182, 35, 'Janelle Simonis', 'Sed ut dolorum placeat harum dolore facere. Consectetur et velit minus nihil molestiae. Quam incidunt nisi nam quia. Sed et est doloremque quod dolorem eum incidunt.', 1, '2019-01-28 04:11:40', '2019-01-28 04:11:40'),
(183, 2, 'Dr. Bertrand O\'Conner', 'Quas quos nemo excepturi ullam sint amet. Magni aut nobis impedit et sit vitae tempora. Facere impedit blanditiis aut deserunt. Possimus sequi perferendis qui voluptas dolor dolore.', 4, '2019-01-28 04:11:40', '2019-01-28 04:11:40'),
(184, 93, 'Collin Kuvalis', 'Eum sapiente facilis laudantium temporibus. Consequuntur consequuntur minus est reiciendis aut. Rerum delectus laudantium necessitatibus aut architecto ut. Harum cumque omnis saepe repudiandae provident.', 5, '2019-01-28 04:11:40', '2019-01-28 04:11:40'),
(185, 94, 'Shaina McLaughlin', 'Consectetur laboriosam natus illo sequi blanditiis quisquam possimus. Et consequuntur consequatur accusamus eum odit sint odit. Ut ut nihil assumenda soluta.', 1, '2019-01-28 04:11:40', '2019-01-28 04:11:40'),
(186, 67, 'Margarett Weimann', 'Iste fuga ipsa voluptates asperiores rem voluptatem commodi debitis. Omnis magnam odio est vel voluptatum. Minus qui veritatis enim ipsum voluptates.', 5, '2019-01-28 04:11:41', '2019-01-28 04:11:41'),
(187, 44, 'Stephon Emard', 'Assumenda quasi neque cumque voluptatem quasi. Earum quia accusamus doloribus. Qui doloremque expedita pariatur dolor repellendus cumque incidunt. Molestiae earum modi nulla ut ullam velit amet ut.', 5, '2019-01-28 04:11:41', '2019-01-28 04:11:41'),
(188, 41, 'Meta Prosacco', 'Optio doloribus et sit ut deleniti deleniti fugit. Dolor et qui est sint corrupti nobis exercitationem. Et est dolorem qui fuga vel et ab. Dolor qui voluptas harum laudantium animi dolor. Perspiciatis facere qui rerum maxime qui provident.', 3, '2019-01-28 04:11:41', '2019-01-28 04:11:41'),
(189, 53, 'Prof. Angie Lynch DVM', 'Harum ut est iste dolores reprehenderit adipisci. Aliquam rerum inventore sed. Aut dolores quis accusantium deleniti optio itaque.', 0, '2019-01-28 04:11:41', '2019-01-28 04:11:41'),
(190, 24, 'Dr. Letitia Mohr', 'Deleniti quia corrupti eius consequatur deleniti eaque. Vel sunt quo non atque possimus et ratione mollitia. Nostrum et sit temporibus non.', 5, '2019-01-28 04:11:41', '2019-01-28 04:11:41'),
(191, 6, 'Miss Yasmine Yundt', 'Corporis in aut quo. Id officiis expedita omnis velit consequatur voluptate facilis. Beatae repellat ad officiis dolorem voluptates aut.', 5, '2019-01-28 04:11:41', '2019-01-28 04:11:41'),
(192, 24, 'Prof. Alanis Hamill II', 'Voluptatum quo quisquam et qui voluptas. Quis veritatis qui distinctio. Velit ab placeat harum impedit. Voluptas tenetur cum ut libero eum eum nisi voluptatem.', 5, '2019-01-28 04:11:41', '2019-01-28 04:11:41'),
(193, 36, 'Zechariah Schowalter', 'Quia quo placeat suscipit quod. Mollitia expedita officia asperiores incidunt voluptatum. Sunt aut molestias quibusdam impedit facere eum odit quis.', 5, '2019-01-28 04:11:41', '2019-01-28 04:11:41'),
(194, 53, 'Braeden Murazik', 'A asperiores dolore eligendi laborum fugiat ipsam. Autem consequatur et qui cumque id voluptatibus minus labore. Corporis et tempore et at.', 0, '2019-01-28 04:11:41', '2019-01-28 04:11:41'),
(195, 89, 'Dr. Briana Nienow', 'Tempora voluptatum ipsa error sint occaecati. Id consequatur aut ex rem et. Ducimus similique et dolorem id rem atque. Consequatur rerum minima dolorum voluptatem.', 1, '2019-01-28 04:11:41', '2019-01-28 04:11:41'),
(196, 58, 'Dayana Hayes', 'Occaecati sed libero nulla cum dolor. Quia et nihil aut ducimus occaecati aperiam qui. Minus voluptatem fuga deserunt harum saepe aliquid.', 5, '2019-01-28 04:11:41', '2019-01-28 04:11:41'),
(197, 89, 'Mr. Carmelo Schaefer Jr.', 'Beatae eos suscipit amet sint earum. In sequi nihil non nostrum tempora.', 0, '2019-01-28 04:11:41', '2019-01-28 04:11:41'),
(198, 16, 'Euna Tillman', 'Rem optio magni ut omnis enim. Odit cumque qui et voluptatem nesciunt et distinctio. Enim est velit earum suscipit fugit consectetur.', 4, '2019-01-28 04:11:41', '2019-01-28 04:11:41'),
(199, 56, 'Earlene Wolf I', 'Debitis adipisci neque qui et alias. Minus sit magni impedit cupiditate quo ex amet. Nobis explicabo enim ipsum dicta. Recusandae molestiae amet asperiores soluta assumenda.', 0, '2019-01-28 04:11:41', '2019-01-28 04:11:41'),
(200, 55, 'Abby Gerlach DVM', 'Voluptatem nam eum autem cupiditate et qui rem minus. Deleniti quia maiores dicta et ut sequi. Excepturi exercitationem soluta rerum incidunt non. Voluptate et autem ut molestiae ea dolores ipsum.', 2, '2019-01-28 04:11:41', '2019-01-28 04:11:41'),
(201, 69, 'Prof. Darrion Jakubowski Sr.', 'Voluptate aliquam vel facere nam et quis. A aliquid et unde voluptas fugiat.', 3, '2019-01-28 04:11:41', '2019-01-28 04:11:41'),
(202, 12, 'Letha Pouros DVM', 'Ut dolores qui sunt eius. Voluptate facilis rem et vitae facilis soluta itaque ullam. Corrupti totam ut adipisci nesciunt odit autem eum.', 4, '2019-01-28 04:11:42', '2019-01-28 04:11:42'),
(203, 89, 'Nathaniel Gottlieb DVM', 'Suscipit sed enim iusto odit unde voluptates. Magni id dolorem alias est commodi velit. Debitis error est fugiat omnis non occaecati aut voluptatem.', 3, '2019-01-28 04:11:42', '2019-01-28 04:11:42'),
(204, 35, 'Miss Asa Labadie', 'Aut voluptas ea quo reprehenderit qui facere repellat. Voluptatem perspiciatis sed eveniet suscipit alias mollitia tenetur.', 2, '2019-01-28 04:11:42', '2019-01-28 04:11:42'),
(205, 67, 'Prof. Sylvan Rempel', 'Ducimus rerum at nisi nihil vel ipsa molestiae. Impedit dolore nemo tempore. Est deserunt est corporis quia cumque culpa quaerat. Dolor dignissimos veritatis iure qui. Ducimus atque debitis est sapiente itaque deleniti.', 1, '2019-01-28 04:11:42', '2019-01-28 04:11:42'),
(206, 32, 'Fanny Turner', 'Dolores veritatis dolor ea non nam ut. Recusandae reprehenderit ipsum recusandae sit at ut. Voluptatem accusantium non ipsum et. Quaerat quia quae qui corporis atque voluptas voluptatem velit.', 0, '2019-01-28 04:11:42', '2019-01-28 04:11:42'),
(207, 69, 'Prof. Princess Sporer Sr.', 'Eos iste impedit rerum. Vel voluptas minus totam voluptatem nemo occaecati quo. Similique numquam quae ipsum.', 5, '2019-01-28 04:11:42', '2019-01-28 04:11:42'),
(208, 93, 'Prof. Alfred Jast', 'Quod quia suscipit qui ut. Omnis earum reiciendis architecto ea sit.', 0, '2019-01-28 04:11:42', '2019-01-28 04:11:42');
INSERT INTO `reviews` (`id`, `product_id`, `customer`, `review`, `star`, `created_at`, `updated_at`) VALUES
(209, 62, 'Mr. Fermin Wuckert Sr.', 'Consectetur temporibus libero vel accusamus blanditiis accusamus qui. Autem officia dolorem suscipit sit. Iure animi qui ipsa voluptatem soluta sint. Eum dolorem sint omnis recusandae.', 1, '2019-01-28 04:11:42', '2019-01-28 04:11:42'),
(210, 14, 'Marc Stark III', 'Vero perferendis similique sed corrupti maiores sit eum. Ipsa odio dolor officiis dolores voluptas ut. Ab est reiciendis reiciendis a molestiae occaecati. In laudantium aut ullam eius.', 3, '2019-01-28 04:11:42', '2019-01-28 04:11:42'),
(211, 26, 'Mrs. Janiya Smith I', 'Aut molestias fugit sint quaerat. Consequatur qui facilis iste neque ullam voluptatum officiis. Dolorem quia incidunt architecto cupiditate eos. Necessitatibus hic nihil aut qui.', 4, '2019-01-28 04:11:42', '2019-01-28 04:11:42'),
(212, 98, 'Lesly Kub', 'Beatae dolor possimus sed atque molestiae. Esse cumque sequi qui possimus. Delectus nisi dolorum dolor rerum quia et. A voluptatibus blanditiis enim. Omnis aliquam velit accusantium aut quasi labore tenetur.', 2, '2019-01-28 04:11:42', '2019-01-28 04:11:42'),
(213, 60, 'Glenna Jacobson', 'Dolor ab odit commodi ut ea et omnis. Alias quos deleniti et provident accusantium nam et.', 5, '2019-01-28 04:11:42', '2019-01-28 04:11:42'),
(214, 66, 'Tiara O\'Hara', 'Quae placeat cumque occaecati. In magni quisquam incidunt iste ut. Suscipit sunt laborum et molestiae molestias reprehenderit. Voluptatibus voluptas quibusdam ex et architecto.', 3, '2019-01-28 04:11:42', '2019-01-28 04:11:42'),
(215, 35, 'Celine Yundt', 'Vel iste sit praesentium quo. Autem fuga harum et doloribus nam. Voluptatem blanditiis earum ipsam ut quia omnis rerum. Pariatur neque non dicta quisquam.', 4, '2019-01-28 04:11:42', '2019-01-28 04:11:42'),
(216, 95, 'Nash Eichmann', 'Ut rem nobis sunt non dolorem doloribus illum ut. Et modi perferendis quia sit amet assumenda. Est voluptas et adipisci est omnis expedita sint. Ipsum officia odit repudiandae minus.', 4, '2019-01-28 04:11:43', '2019-01-28 04:11:43'),
(217, 21, 'Raven Gibson', 'Facere saepe esse dolor sint dolores et ea vitae. Dignissimos necessitatibus quia recusandae sequi ea animi sunt. Est omnis qui debitis quidem provident ut. Quas vel earum quam quas.', 1, '2019-01-28 04:11:43', '2019-01-28 04:11:43'),
(218, 50, 'Everette Dicki Jr.', 'Nihil ut neque corrupti laboriosam doloribus. Voluptas ut ullam eos quo sed aperiam impedit. Voluptatum fuga voluptatem corporis.', 2, '2019-01-28 04:11:43', '2019-01-28 04:11:43'),
(219, 14, 'Mr. Dewayne Metz', 'Non dignissimos sed quia qui voluptatem voluptatem ratione. Id vel eius eveniet accusamus eius qui. At sunt fugit omnis odit doloribus non. Ea aliquam ea modi id at sint.', 0, '2019-01-28 04:11:43', '2019-01-28 04:11:43'),
(220, 1, 'Dr. Brendon Howell', 'Animi reiciendis veritatis deleniti omnis quia ipsam ut architecto. Minus non soluta nulla quo et voluptas qui.', 0, '2019-01-28 04:11:43', '2019-01-28 04:11:43'),
(221, 4, 'Eulalia Kemmer', 'Quisquam reiciendis numquam autem vitae. Qui cupiditate dolor laboriosam rerum animi fugiat. Harum consequatur neque aut atque.', 2, '2019-01-28 04:11:43', '2019-01-28 04:11:43'),
(222, 54, 'Dr. Clementina Quigley', 'Modi repellendus dolor quia repellat quidem. In sequi consequuntur omnis assumenda ab qui.', 4, '2019-01-28 04:11:43', '2019-01-28 04:11:43'),
(223, 90, 'Dr. Winona Von', 'Nihil rerum id incidunt ut velit enim quo. Error non voluptas magnam est dignissimos non possimus. Qui voluptatem cumque ipsam debitis eaque ea quia eum.', 5, '2019-01-28 04:11:43', '2019-01-28 04:11:43'),
(224, 82, 'Mr. Merritt Toy', 'Ea ducimus vel quia deserunt accusantium omnis. Vero similique voluptatem ut reiciendis ducimus rerum blanditiis.', 5, '2019-01-28 04:11:43', '2019-01-28 04:11:43'),
(225, 87, 'Maureen Sporer', 'Voluptatem provident asperiores nobis commodi officia est quisquam nam. Quo quia omnis iusto harum iste id et ipsa. Eos aspernatur inventore repellat aperiam. Aut ducimus est animi dignissimos alias natus.', 0, '2019-01-28 04:11:43', '2019-01-28 04:11:43'),
(226, 57, 'Aiyana Ebert', 'Expedita voluptas sed adipisci et qui earum. Voluptatibus consequatur ratione consequuntur quasi. Facilis aperiam voluptatem quibusdam et labore earum et eaque. Nihil quod nisi ut inventore debitis.', 3, '2019-01-28 04:11:43', '2019-01-28 04:11:43'),
(227, 64, 'Anika Mitchell', 'Dolores mollitia aut aut ex ad. Aliquid ex totam voluptatem illo laudantium. Distinctio ut libero laborum culpa. Enim nulla delectus cumque dolor non.', 3, '2019-01-28 04:11:43', '2019-01-28 04:11:43'),
(228, 62, 'Briana Harvey', 'Iusto aperiam et quisquam autem provident possimus tempora. Soluta quo dolor voluptatem voluptatem adipisci. Molestiae adipisci est fuga dolorem. Quibusdam qui et quaerat tempora consequatur incidunt neque fuga. Ea et suscipit accusamus ut expedita enim.', 1, '2019-01-28 04:11:43', '2019-01-28 04:11:43'),
(229, 68, 'Miss Sadie Moore MD', 'Deserunt sequi ipsam sit beatae. Quasi distinctio qui et omnis eos deleniti aut aspernatur. Provident earum exercitationem error quibusdam. Et vitae quas iusto vel rem autem.', 0, '2019-01-28 04:11:43', '2019-01-28 04:11:43'),
(230, 23, 'Dr. Carolyne Marvin II', 'Itaque dolor vel reiciendis nostrum cupiditate similique pariatur voluptatem. Consectetur illum minima qui quis mollitia. Officiis enim commodi occaecati assumenda sed et. Quisquam ea ea porro nihil in facilis.', 1, '2019-01-28 04:11:43', '2019-01-28 04:11:43'),
(231, 61, 'Mandy McLaughlin DDS', 'Incidunt dolores eaque quos dolorum doloribus consequatur. Expedita qui perspiciatis enim et. Incidunt quae facilis qui soluta necessitatibus rem. Velit qui et quo assumenda debitis tenetur dolor.', 5, '2019-01-28 04:11:43', '2019-01-28 04:11:43'),
(232, 93, 'Evelyn Friesen', 'Aut corporis iure itaque. Possimus sit doloribus asperiores voluptatem quibusdam maxime optio. Sunt facere quidem sit beatae.', 0, '2019-01-28 04:11:43', '2019-01-28 04:11:43'),
(233, 87, 'Vance Jones', 'Est sit voluptatem qui libero et veniam molestiae. Qui est dolor sint excepturi asperiores et natus. Adipisci dolor consectetur dolor fuga sequi atque. Qui quo id sed et cupiditate qui placeat.', 1, '2019-01-28 04:11:44', '2019-01-28 04:11:44'),
(234, 48, 'Mr. Dino Baumbach', 'Odit aut qui quam maxime cupiditate enim enim. Quae et quidem molestias adipisci eveniet. Mollitia ad qui excepturi voluptatem doloribus. Voluptatem et esse omnis praesentium necessitatibus illum est.', 4, '2019-01-28 04:11:44', '2019-01-28 04:11:44'),
(235, 38, 'Mr. Luciano Wisozk V', 'Corporis vero minus delectus beatae sequi laudantium. Et temporibus et est corporis quo dolorem. Ad nesciunt excepturi ducimus aut. Autem voluptatibus quis aut odio eos eum.', 0, '2019-01-28 04:11:44', '2019-01-28 04:11:44'),
(236, 46, 'Joan Gusikowski', 'Similique aut incidunt consequatur repellendus necessitatibus minus. Autem quo nisi quis voluptas autem. Officia quia labore quisquam soluta esse voluptatem. Maxime accusamus nulla ratione est ut ut.', 3, '2019-01-28 04:11:44', '2019-01-28 04:11:44'),
(237, 42, 'Guillermo Carter', 'Et corrupti vel hic omnis veniam quo repudiandae. Rerum et vero dolorem est voluptas ex. Voluptate porro suscipit harum veniam in et quasi omnis. Nihil fuga est consequatur.', 3, '2019-01-28 04:11:44', '2019-01-28 04:11:44'),
(238, 64, 'Gracie Waters', 'Voluptatum mollitia laboriosam debitis. Dolor earum error vitae nesciunt. Id aut accusamus explicabo nobis numquam enim unde.', 2, '2019-01-28 04:11:44', '2019-01-28 04:11:44'),
(239, 50, 'Mr. Hazle Pagac PhD', 'Ut culpa neque doloremque illum est. Rerum quo dolores hic autem rerum. Eum et sit magnam ut quia saepe nihil. Cum rerum dolorem ut voluptatem error.', 3, '2019-01-28 04:11:44', '2019-01-28 04:11:44'),
(240, 56, 'Ms. Birdie Strosin PhD', 'Possimus non odio ea et sint vero. Natus nihil aspernatur et laborum quasi rerum. Ut voluptatem aut inventore sapiente dolores voluptas et quo. Similique sit non doloribus tenetur amet pariatur.', 1, '2019-01-28 04:11:44', '2019-01-28 04:11:44'),
(241, 41, 'Jane Welch', 'Suscipit corrupti atque commodi corrupti sed dolor. Aspernatur quod non et repudiandae ex quia suscipit et. Dolorem repellendus sequi necessitatibus iste.', 1, '2019-01-28 04:11:44', '2019-01-28 04:11:44'),
(242, 6, 'Joanne Botsford', 'Tempora ullam rerum explicabo cupiditate soluta ipsum beatae unde. Est et voluptas quidem eius. Aut quaerat aliquid incidunt assumenda aperiam aliquid. Excepturi officia placeat velit nobis quia quidem consequuntur. Suscipit est labore nulla distinctio.', 3, '2019-01-28 04:11:44', '2019-01-28 04:11:44'),
(243, 20, 'Luther Corwin', 'Ratione vitae dicta perferendis enim dolores necessitatibus voluptatum. Cupiditate non hic officia porro ducimus rerum.', 4, '2019-01-28 04:11:44', '2019-01-28 04:11:44'),
(244, 76, 'Prof. Chadd Bogisich', 'Et ut qui molestiae repellendus laboriosam harum. Facilis non mollitia natus modi nobis fugiat. Non quod non ipsa voluptas eligendi. Voluptas ex et numquam maiores. Perspiciatis enim eum voluptatem impedit sit tenetur commodi.', 3, '2019-01-28 04:11:44', '2019-01-28 04:11:44'),
(245, 35, 'Kenya Fadel', 'Minus est rerum praesentium aut. Ratione dolores sunt in aliquam. Rerum veniam consequatur qui dolorum. Rem doloribus debitis quod fuga ea vel.', 3, '2019-01-28 04:11:44', '2019-01-28 04:11:44'),
(246, 30, 'Arlie Kuhic', 'Quis tempore repellendus ab impedit voluptatem aut consequatur. Repellat eius est et et quia ducimus eligendi. Quod ea fuga vel pariatur. Animi ab qui quis nemo assumenda dolorum ducimus.', 1, '2019-01-28 04:11:44', '2019-01-28 04:11:44'),
(247, 8, 'Tamia Kuvalis', 'Vel corrupti distinctio ipsa voluptas ut assumenda. Voluptas enim aliquid perspiciatis libero deserunt saepe. Voluptatem qui sit id corporis. Explicabo totam error consectetur.', 2, '2019-01-28 04:11:44', '2019-01-28 04:11:44'),
(248, 99, 'Nikita Powlowski', 'Velit minima provident illo numquam eveniet consequatur dolorum. Alias ab laudantium odio quo. Placeat et officiis quis ratione.', 1, '2019-01-28 04:11:44', '2019-01-28 04:11:44'),
(249, 71, 'Rahul Corwin', 'Esse dignissimos aut est architecto modi. Soluta reprehenderit cum facere rerum. Ullam fuga nisi aliquam illum nesciunt in accusamus.', 0, '2019-01-28 04:11:44', '2019-01-28 04:11:44'),
(250, 45, 'Oma Buckridge', 'Possimus quo sequi qui consequatur atque repellat. Et perferendis harum aspernatur fugit. Sit recusandae et rerum vel excepturi. Nulla ipsum velit nesciunt accusantium expedita.', 0, '2019-01-28 04:11:45', '2019-01-28 04:11:45'),
(251, 50, 'Adaline Bahringer', 'Necessitatibus quod assumenda reiciendis sint assumenda similique repellendus quia. Eaque ex hic impedit velit voluptatem. Placeat accusantium a numquam unde.', 5, '2019-01-28 04:11:45', '2019-01-28 04:11:45'),
(252, 47, 'Jordi Heathcote', 'Architecto eligendi dolorem quos temporibus quidem optio est. Doloribus voluptatem nemo consequatur officia soluta beatae magnam. Dolor natus soluta suscipit debitis blanditiis.', 0, '2019-01-28 04:11:45', '2019-01-28 04:11:45'),
(253, 95, 'Ms. Gabriella Runolfsson PhD', 'Molestiae quasi repudiandae animi libero sequi. Eius et vel cum magni. Quod dolor corporis ab id.', 1, '2019-01-28 04:11:45', '2019-01-28 04:11:45'),
(254, 14, 'Aliza Bechtelar', 'Porro vel eos quis qui impedit cumque necessitatibus. Repudiandae quos itaque optio reiciendis quos ipsa.', 4, '2019-01-28 04:11:45', '2019-01-28 04:11:45'),
(255, 42, 'Mr. Reinhold Hilpert III', 'Voluptas expedita temporibus facilis. Sit odio soluta voluptatibus nihil quaerat porro est sed. Quas dolorem laborum quos natus facilis voluptatem. Quasi et beatae ut odit inventore quia odio. Quod dicta recusandae ad natus quisquam maxime ullam.', 1, '2019-01-28 04:11:45', '2019-01-28 04:11:45'),
(256, 59, 'Darrel Lowe', 'Nisi accusamus qui et excepturi voluptate ea aut. Numquam veniam qui sit nobis molestiae rerum ullam. Enim velit tenetur molestiae et non.', 0, '2019-01-28 04:11:45', '2019-01-28 04:11:45'),
(257, 98, 'Kristopher Purdy', 'Velit molestias laboriosam ducimus minus eveniet voluptates. Iure ex eveniet incidunt id qui architecto architecto. Impedit dignissimos temporibus odio dolorum repellendus est.', 1, '2019-01-28 04:11:45', '2019-01-28 04:11:45'),
(258, 21, 'Rosalia Becker', 'Ut vel eum et delectus consequatur voluptatibus id. Sed reprehenderit expedita quia itaque dolorem. Recusandae repellat dicta non eos. Saepe porro exercitationem dolore eveniet quae voluptatem ut.', 2, '2019-01-28 04:11:45', '2019-01-28 04:11:45'),
(259, 2, 'Felipa Mills', 'Odit iure qui voluptas totam aliquid. Incidunt itaque sint nihil sit nihil. Tempore voluptatem est error et tempore qui quia. Itaque aut aut unde sit.', 1, '2019-01-28 04:11:45', '2019-01-28 04:11:45'),
(260, 57, 'Dr. Catalina Schulist II', 'Cum accusantium velit omnis corporis eius dolor. Ex dolor praesentium sed nostrum laborum aut aut. Odit suscipit qui aut.', 0, '2019-01-28 04:11:45', '2019-01-28 04:11:45'),
(261, 41, 'Quinton Kreiger', 'Placeat doloribus corporis aut sint unde. Quia quia delectus at. Libero error sint voluptas et repudiandae ut quos. In voluptatem quam expedita temporibus ut repellendus totam. Ea impedit minima soluta perspiciatis ut consequatur vel dignissimos.', 3, '2019-01-28 04:11:45', '2019-01-28 04:11:45'),
(262, 22, 'Piper Farrell', 'Explicabo et dolore corporis est aut quam illum fugiat. Sit cumque deserunt molestiae tempore mollitia. Qui asperiores sapiente et occaecati nobis laudantium consequuntur. Velit ex sint perspiciatis sapiente incidunt et.', 1, '2019-01-28 04:11:45', '2019-01-28 04:11:45'),
(263, 78, 'Isaias Keeling', 'Voluptatibus fugit aut perferendis nisi. Perferendis non sit aliquid libero. Dignissimos ab fuga et enim.', 2, '2019-01-28 04:11:45', '2019-01-28 04:11:45'),
(264, 61, 'Robin Rodriguez', 'Consequatur dolorem nihil voluptatem excepturi et sapiente aut. Hic officia magnam et magnam et recusandae. Ab omnis illo et ex.', 1, '2019-01-28 04:11:45', '2019-01-28 04:11:45'),
(265, 60, 'Mr. Owen Jakubowski IV', 'Et dolorem et numquam accusamus qui nostrum. Et et labore atque blanditiis. Recusandae ducimus qui eaque nihil.', 3, '2019-01-28 04:11:45', '2019-01-28 04:11:45'),
(266, 49, 'Cayla Howell', 'Deleniti voluptatem laboriosam et iusto maxime dignissimos. Ipsa quo officia illo voluptate officiis similique aliquid eaque. Ad velit magni magnam illo velit voluptas earum.', 0, '2019-01-28 04:11:45', '2019-01-28 04:11:45'),
(267, 5, 'Magnus Considine', 'Veritatis temporibus esse odio consectetur quidem eaque. Officia ut sit facilis consequuntur. At rerum ut qui nihil debitis similique.', 1, '2019-01-28 04:11:46', '2019-01-28 04:11:46'),
(268, 96, 'Claudie Auer DVM', 'Quaerat est alias maiores veritatis reprehenderit. Id vel suscipit illo reiciendis et quos omnis quia. Voluptate est voluptatum libero libero assumenda et molestiae porro. Sint inventore rem sequi rerum.', 0, '2019-01-28 04:11:46', '2019-01-28 04:11:46'),
(269, 65, 'Kathleen Anderson', 'Voluptas minima accusamus sit est. Voluptas atque facere nisi qui non eos. Non nobis corporis vero quisquam minus aut. Quas aperiam labore voluptatem soluta. Quo in corporis eum voluptas nobis tenetur.', 5, '2019-01-28 04:11:46', '2019-01-28 04:11:46'),
(270, 50, 'Abdiel Funk', 'Quidem voluptatem dicta molestias in temporibus voluptatem. Ut expedita quo tempora. Veniam et fugiat unde assumenda sunt et nobis laudantium. Laboriosam pariatur incidunt quos reprehenderit et. Ex alias ratione est harum modi dolores et.', 4, '2019-01-28 04:11:46', '2019-01-28 04:11:46'),
(271, 65, 'Dr. Rosemarie Bergstrom Jr.', 'Natus enim sunt magni doloribus ut. Sint vel unde et cumque ut mollitia. Quia ut error ut non. Ea necessitatibus dolorum officia voluptas asperiores.', 2, '2019-01-28 04:11:46', '2019-01-28 04:11:46'),
(272, 42, 'Queenie Bradtke', 'Nihil autem voluptatem deserunt beatae odio et autem. Sit saepe repudiandae ullam voluptate perferendis necessitatibus quibusdam laborum.', 5, '2019-01-28 04:11:46', '2019-01-28 04:11:46'),
(273, 42, 'Daron Hackett', 'Voluptatum non ex alias et voluptatem nisi animi facere. Omnis delectus est nesciunt voluptates voluptatum velit.', 3, '2019-01-28 04:11:46', '2019-01-28 04:11:46'),
(274, 55, 'Tomas Kautzer V', 'Alias ut sint odio et iure voluptas quo. Fuga voluptas necessitatibus est. Aut aut qui aut facere quisquam recusandae eos.', 3, '2019-01-28 04:11:46', '2019-01-28 04:11:46'),
(275, 38, 'Annie McKenzie', 'Tenetur ratione quod ad enim. Expedita mollitia dolore ullam a. Doloremque distinctio consequatur provident labore et totam. Dolorum aut omnis atque pariatur non facilis quo.', 2, '2019-01-28 04:11:46', '2019-01-28 04:11:46'),
(276, 11, 'Katharina Smith', 'Et repellendus beatae dolor nihil id natus nisi consequatur. Accusantium ut quis vel ad ut aut. Libero minus non aperiam in. Fugit sapiente iure perspiciatis.', 0, '2019-01-28 04:11:46', '2019-01-28 04:11:46'),
(277, 60, 'Shaun Feeney I', 'Ea qui sed quisquam modi alias. Cum aut excepturi eius corrupti dolorem rerum fugit. Accusamus quo sint omnis sequi beatae sint.', 5, '2019-01-28 04:11:46', '2019-01-28 04:11:46'),
(278, 21, 'Dr. Rylee Kuhn', 'Quis eos perferendis reprehenderit doloribus odio. Natus consequuntur eveniet consequatur. Adipisci dolorum velit velit est ut sint nihil.', 2, '2019-01-28 04:11:46', '2019-01-28 04:11:46'),
(279, 89, 'Manley Gutmann', 'Nam accusamus deserunt qui hic animi velit nulla. Tempore rerum alias voluptas est. Ut incidunt culpa quis quo. Maxime cumque quidem architecto ab excepturi blanditiis.', 3, '2019-01-28 04:11:46', '2019-01-28 04:11:46'),
(280, 81, 'Miss Ashley Hessel', 'Et recusandae sed quis et at nobis. Quia dolorem id est sed inventore dolorem. Labore consectetur consequatur at blanditiis nisi ad.', 4, '2019-01-28 04:11:46', '2019-01-28 04:11:46'),
(281, 91, 'Drake Lemke III', 'Quia explicabo facere velit tempore. Et assumenda deserunt ea sed perferendis quas eius. Recusandae nihil qui harum provident. Impedit sit inventore adipisci veritatis eum non omnis.', 3, '2019-01-28 04:11:46', '2019-01-28 04:11:46'),
(282, 43, 'Micaela Quitzon', 'Doloribus dolor nisi quia voluptatibus. Et rerum dolores et inventore. Voluptas in amet sit enim placeat et. Omnis sequi laudantium atque iusto itaque totam et.', 4, '2019-01-28 04:11:47', '2019-01-28 04:11:47'),
(283, 60, 'Megane Kozey', 'Sunt doloremque enim suscipit expedita illum. Inventore laborum dolore ut laboriosam mollitia voluptas. Debitis totam repellendus corporis. Aliquam alias sequi nulla.', 5, '2019-01-28 04:11:47', '2019-01-28 04:11:47'),
(284, 74, 'Terrance Block III', 'Voluptas molestiae eligendi laudantium cupiditate et officia quaerat. Ut sed inventore quod labore aut. Voluptas ducimus qui consequatur sit architecto.', 0, '2019-01-28 04:11:47', '2019-01-28 04:11:47'),
(285, 15, 'Brandi Baumbach', 'Sed facere cum maiores dolorem fuga. Cupiditate voluptate beatae sapiente laudantium corporis aliquid rerum. Dicta rerum ad sed laborum iusto animi dolore dolor. Beatae rem sed voluptas quia explicabo delectus. Cum autem ea suscipit ut.', 0, '2019-01-28 04:11:47', '2019-01-28 04:11:47'),
(286, 88, 'Dr. Brandy Lubowitz DVM', 'Voluptas ab eos cumque laboriosam sit nesciunt. Earum vel sunt est hic. A nesciunt et ut quo dolores non. Ipsa ab repellat omnis totam libero unde et.', 3, '2019-01-28 04:11:47', '2019-01-28 04:11:47'),
(287, 5, 'Kallie Wilderman', 'Sit consequatur qui necessitatibus repudiandae provident iure porro quam. Dignissimos sint iure sit eveniet aut sint numquam. Voluptatem non voluptates doloribus laborum repellendus quis.', 0, '2019-01-28 04:11:47', '2019-01-28 04:11:47'),
(288, 4, 'Lesley Heaney', 'Rem aut laborum modi est velit veniam sequi deserunt. Autem non ducimus incidunt tenetur tenetur esse. Consequuntur tenetur corporis nemo rem. Quae id et error laboriosam ipsum quod fugit.', 1, '2019-01-28 04:11:47', '2019-01-28 04:11:47'),
(289, 37, 'Mr. Norberto Sipes', 'Dignissimos aperiam delectus nobis vitae soluta qui. Blanditiis voluptate aut at corrupti non voluptatem veniam. Dolorum ea laudantium quam enim dolorem eos dicta. Eum ipsa accusantium sunt enim ut sint ut.', 4, '2019-01-28 04:11:47', '2019-01-28 04:11:47'),
(290, 44, 'Mariana Shields', 'Eum ducimus est sed iure. Cumque eligendi ut quaerat non. Natus quam sapiente quasi non consequatur.', 1, '2019-01-28 04:11:47', '2019-01-28 04:11:47'),
(291, 35, 'Aylin Streich', 'Aut provident dicta velit sit voluptas alias quis suscipit. Quas cupiditate sunt perferendis maxime soluta. Similique voluptatum aspernatur iste.', 4, '2019-01-28 04:11:47', '2019-01-28 04:11:47'),
(292, 73, 'Mackenzie Hettinger', 'Quis inventore veritatis dicta cumque. Ipsa adipisci nam aut est. Dolore sequi aut quis eos blanditiis cum quis. Quia rerum voluptatem aliquam et ratione.', 0, '2019-01-28 04:11:47', '2019-01-28 04:11:47'),
(293, 86, 'Dr. Tillman Hoeger V', 'Animi at consequatur enim officia sunt repellendus asperiores. Eos eaque doloremque aliquid dolorem. Atque ut nihil et nesciunt. Nulla tenetur neque sint sed minima.', 1, '2019-01-28 04:11:47', '2019-01-28 04:11:47'),
(294, 84, 'Maya Bernhard V', 'Consequatur cupiditate cupiditate cumque aut cum. Voluptatem possimus libero illum. Eum consequuntur ipsa asperiores in.', 4, '2019-01-28 04:11:47', '2019-01-28 04:11:47'),
(295, 18, 'Milford Kling', 'Consectetur provident quis reprehenderit maiores esse ea voluptas consequatur. Minus et consectetur consequatur repudiandae distinctio voluptatum voluptas. Consequatur corrupti consequatur molestias occaecati.', 4, '2019-01-28 04:11:47', '2019-01-28 04:11:47'),
(296, 55, 'Sonny Schiller', 'Ratione blanditiis quia a mollitia hic occaecati blanditiis. Vel sequi voluptas placeat.', 1, '2019-01-28 04:11:47', '2019-01-28 04:11:47'),
(297, 98, 'Serenity Hettinger', 'Odit tenetur voluptatem asperiores consequatur vero. Omnis tenetur non consequatur accusantium et sit perferendis quis. Quod error asperiores cum et sed molestiae. Nesciunt consectetur commodi quasi ut fugit ea qui.', 0, '2019-01-28 04:11:47', '2019-01-28 04:11:47'),
(298, 90, 'Mr. Jairo Harvey MD', 'Ea alias veritatis quo esse velit impedit dolorum. Magni molestias quod dolorem ullam et consequatur. Mollitia explicabo maiores ut eveniet.', 0, '2019-01-28 04:11:48', '2019-01-28 04:11:48'),
(299, 94, 'Miss Marisa Cremin DDS', 'Vitae soluta ut minima esse cum quisquam. Rem odio repudiandae consequatur hic. Voluptate qui saepe minus fugiat.', 3, '2019-01-28 04:11:48', '2019-01-28 04:11:48'),
(300, 90, 'Evie Quigley I', 'Tenetur alias inventore numquam sint voluptas qui perferendis iste. Quasi beatae aut incidunt laborum nesciunt omnis at. Amet similique occaecati aspernatur nihil rerum ab aut. Sint placeat dolores dolor qui ut.', 1, '2019-01-28 04:11:48', '2019-01-28 04:11:48');

-- --------------------------------------------------------

--
-- Table structure for table `users`
--

CREATE TABLE `users` (
  `id` int(10) UNSIGNED NOT NULL,
  `name` varchar(191) COLLATE utf8mb4_unicode_ci NOT NULL,
  `email` varchar(191) COLLATE utf8mb4_unicode_ci NOT NULL,
  `password` varchar(191) COLLATE utf8mb4_unicode_ci NOT NULL,
  `remember_token` varchar(100) COLLATE utf8mb4_unicode_ci DEFAULT NULL,
  `created_at` timestamp NULL DEFAULT NULL,
  `updated_at` timestamp NULL DEFAULT NULL
) ENGINE=InnoDB DEFAULT CHARSET=utf8mb4 COLLATE=utf8mb4_unicode_ci;

--
-- Indexes for dumped tables
--

--
-- Indexes for table `migrations`
--
ALTER TABLE `migrations`
  ADD PRIMARY KEY (`id`);

--
-- Indexes for table `password_resets`
--
ALTER TABLE `password_resets`
  ADD KEY `password_resets_email_index` (`email`);

--
-- Indexes for table `products`
--
ALTER TABLE `products`
  ADD PRIMARY KEY (`id`);

--
-- Indexes for table `reviews`
--
ALTER TABLE `reviews`
  ADD PRIMARY KEY (`id`),
  ADD KEY `reviews_product_id_index` (`product_id`);

--
-- Indexes for table `users`
--
ALTER TABLE `users`
  ADD PRIMARY KEY (`id`);

--
-- AUTO_INCREMENT for dumped tables
--

--
-- AUTO_INCREMENT for table `migrations`
--
ALTER TABLE `migrations`
  MODIFY `id` int(10) UNSIGNED NOT NULL AUTO_INCREMENT, AUTO_INCREMENT=5;

--
-- AUTO_INCREMENT for table `products`
--
ALTER TABLE `products`
  MODIFY `id` int(10) UNSIGNED NOT NULL AUTO_INCREMENT, AUTO_INCREMENT=101;

--
-- AUTO_INCREMENT for table `reviews`
--
ALTER TABLE `reviews`
  MODIFY `id` int(10) UNSIGNED NOT NULL AUTO_INCREMENT, AUTO_INCREMENT=301;

--
-- AUTO_INCREMENT for table `users`
--
ALTER TABLE `users`
  MODIFY `id` int(10) UNSIGNED NOT NULL AUTO_INCREMENT;

--
-- Constraints for dumped tables
--

--
-- Constraints for table `reviews`
--
ALTER TABLE `reviews`
  ADD CONSTRAINT `reviews_product_id_foreign` FOREIGN KEY (`product_id`) REFERENCES `products` (`id`) ON DELETE CASCADE;
COMMIT;

/*!40101 SET CHARACTER_SET_CLIENT=@OLD_CHARACTER_SET_CLIENT */;
/*!40101 SET CHARACTER_SET_RESULTS=@OLD_CHARACTER_SET_RESULTS */;
/*!40101 SET COLLATION_CONNECTION=@OLD_COLLATION_CONNECTION */;
